-- phpMyAdmin SQL Dump
-- version 5.1.1deb5ubuntu1
-- https://www.phpmyadmin.net/
--
-- Εξυπηρετητής: localhost:3306
-- Χρόνος δημιουργίας: 28 Νοε 2022 στις 20:46:48
-- Έκδοση διακομιστή: 10.6.11-MariaDB-0ubuntu0.22.04.1
-- Έκδοση PHP: 8.1.8

SET SQL_MODE = "NO_AUTO_VALUE_ON_ZERO";
START TRANSACTION;
SET time_zone = "+00:00";


/*!40101 SET @OLD_CHARACTER_SET_CLIENT=@@CHARACTER_SET_CLIENT */;
/*!40101 SET @OLD_CHARACTER_SET_RESULTS=@@CHARACTER_SET_RESULTS */;
/*!40101 SET @OLD_COLLATION_CONNECTION=@@COLLATION_CONNECTION */;
/*!40101 SET NAMES utf8mb4 */;

--
-- Βάση δεδομένων: `c4petalidis_proj`
--

-- --------------------------------------------------------

--
-- Δομή πίνακα για τον πίνακα `images`
--

CREATE TABLE `images` (
  `id` int(11) NOT NULL,
  `date_taken` varchar(255) DEFAULT NULL,
  `description` longtext DEFAULT NULL,
  `file_name` varchar(255) DEFAULT NULL,
  `latitude` varchar(255) DEFAULT NULL,
  `longitude` varchar(255) DEFAULT NULL,
  `owner_name` varchar(255) DEFAULT NULL,
  `title` varchar(255) DEFAULT NULL,
  `views` int(11) DEFAULT NULL
) ENGINE=InnoDB DEFAULT CHARSET=utf8mb3 COLLATE=utf8mb3_general_ci;

--
-- Άδειασμα δεδομένων του πίνακα `images`
--

INSERT INTO `images` (`id`, `date_taken`, `description`, `file_name`, `latitude`, `longitude`, `owner_name`, `title`, `views`) VALUES
(1, 'dsfjlh', 'lkfgjdlk', ';lkfjgldkj', 'lkjgfldkj', 'lkfjgdlk', 'flikgfdlj`', 'l;klkjdfslkfjsd', 498753),
(4, '2022-06-29 11:27:58', '<a href=\"https://traveladventureeverywhere.blogspot.com/2020/08/holy-moscow-cathedrals-churches.html\" rel=\"noreferrer nofollow\">traveladventureeverywhere.blogspot.com/2020/08/holy-mosco...</a>\n\n..\n\n..\n\n.\n\n.\n\n.\n\n.\n\n.\n\n\n.\n\n.\n\n.\n\n.\n\n.\n\n.\n\n.\n\n.\n\n.\n\n.\n\n.\n\n.\n\n', 'https://live.staticflickr.com/65535/52476249632_88c216ee7e_o.jpg', '55.824171', '37.613628', 'sacalevic', 'Russian Federation, Orthodox Moscow,  the fragment of the Life-giving Trinity Church in Ostankino (founded in 1558, built in 1692),  1st Ostankinskaya Street, Ostankinsky district.  Православнаѧ Црковь.', 318),
(5, '2022-06-23 08:25:19', '<a href=\"https://traveladventureeverywhere.blogspot.com/2020/08/holy-moscow-cathedrals-churches.html\" rel=\"noreferrer nofollow\">traveladventureeverywhere.blogspot.com/2020/08/holy-mosco...</a>\n..\n\n..\n\n.\n\n.\n\n.\n\n.\n\n.\n\n\n.\n\n.\n\n.\n\n.\n\n.\n\n.\n\n.\n\n.\n\n.\n\n.\n\n.\n\n.\n\n.', 'https://live.staticflickr.com/65535/52473144332_f1ba5caeae_o.jpg', '55.743793', '37.610750', 'sacalevic', 'Russian Federation, Holy Moscow, Church of Saint Nicholas on Bersenevka (Since 1657), Upper Gardeners - Verkhniye Sadovniki, Bersenevskaya Embankment, Yakimanka district. Православнаѧ Црковь.', 964),
(6, '2022-10-16 13:54:26', '<a href=\"https://traveladventureeverywhere.blogspot.com/2017/08/moscow-voyage-to-moscow-russian.html\" rel=\"noreferrer nofollow\">traveladventureeverywhere.blogspot.com/2017/08/moscow-voy...</a>\n..\n\n..\n\n.\n\n.\n\n.\n\n.\n\n.\n\n\n.\n\n.\n\n.\n\n.\n\n.\n\n.\n\n.\n\n.\n\n.\n\n.\n\n.\n\n.\n\n.', 'https://live.staticflickr.com/65535/52473430323_e2baf6b01d_o.jpg', '55.749283', '37.540092', 'sacalevic', 'Golden Autumn in Moscow,  International Business Center \"Moscow-City\", towers from left: \"Naberezhnaya\", \"Neva towers\", \"Federation\", \"City of Capitals\", \"Mercury-City\", \"Imperia\", \"Evolution\". From Taras Shevchenko Embankment, Dorogomilovo, Russia.', 1094),
(7, '2022-10-16 13:16:25', '<a href=\"https://traveladventureeverywhere.blogspot.com/2017/08/moscow-voyage-to-moscow-russian.html\" rel=\"noreferrer nofollow\">traveladventureeverywhere.blogspot.com/2017/08/moscow-voy...</a>\n\n..\n\n..\n\n.\n\n.\n\n.\n\n.\n\n.\n\n\n.\n\n.\n\n.\n\n.\n\n.\n\n.\n\n.\n\n.\n\n.\n\n.\n\n.\n\n.\n\n', 'https://live.staticflickr.com/65535/52470667246_c9aa9c0e6a_o.jpg', '55.745013', '37.532472', 'sacalevic', 'Russia, Moscow, Towers of Business Center \"Moscow-City\" from left: \"Oko\", \"Neva\", \"IQ-quarter\", \"Eurasia\",  \"Federation\" Complex, \"Naberezhnaya\", \"City of Capitals\" Complex, Dorogomilovsky Railway bridge, Presnenskaya Embankment, Presnensky district.', 1750),
(8, '2022-10-16 14:21:35', '<a href=\"https://traveladventureeverywhere.blogspot.com/2012/02/voyage-to-moscow-russia-euroasia.html\" rel=\"noreferrer nofollow\">traveladventureeverywhere.blogspot.com/2012/02/voyage-to-...</a>\n\n\n..\n\n..\n\n.\n\n.\n\n.\n\n.\n\n.\n\n\n.\n\n.\n\n.\n\n.\n\n.\n\n.\n\n.\n\n.\n\n.\n\n.\n\n.\n\n.', 'https://live.staticflickr.com/65535/52466298506_09ea93fdf2_o.jpg', '55.749283', '37.540092', 'sacalevic', 'Russia, the Moscow International Business Centre, towers from left to right:  \"Moscow\", \"Sankt-Petersburg\" (\"City of Capitals\" Complex), \"Empire\", \"Federation\", \"Evolution\", \"Mercury-City\",  Presnenskaya Embankment, Presnensky district.', 2138),
(9, '2022-06-29 11:03:41', '<a href=\"https://traveladventureeverywhere.blogspot.com/2020/08/holy-moscow-cathedrals-churches.html\" rel=\"noreferrer nofollow\">traveladventureeverywhere.blogspot.com/2020/08/holy-mosco...</a>\n\n..\n\n..\n\n.\n\n.\n\n.\n\n.\n\n.\n\n\n.\n\n.\n\n.\n\n.\n\n.\n\n.\n\n.\n\n.\n\n.\n\n.\n\n.\n\n.\n\n', 'https://live.staticflickr.com/65535/52463255504_653638026c_o.jpg', '55.824171', '37.613628', 'sacalevic', 'Russian Federation, Orthodox Moscow,  the fragment of the Life-giving Trinity Church in Ostankino (founded in 1558, built in 1692),  1st Ostankinskaya Street, Ostankinsky district.  Православнаѧ Црковь.', 1686),
(10, '2022-09-10 12:37:00', '<a href=\"https://traveladventureeverywhere.blogspot.com/2020/08/holy-moscow-cathedrals-churches.html\" rel=\"noreferrer nofollow\">traveladventureeverywhere.blogspot.com/2020/08/holy-mosco...</a>\n\n\n..\n\n..\n\n.\n\n.\n\n.\n\n.\n\n.\n\n\n.\n\n.\n\n.\n\n.\n\n.\n\n.\n\n.\n\n.\n\n.\n\n.\n\n.\n\n.\n', 'https://live.staticflickr.com/65535/52463320755_ab4c2ccbc2_o.jpg', '55.767056', '37.606879', 'sacalevic', 'Russian Federation, Architecture of Holy Moscow,  Church of the Nativity of the Theotokos at Putinki since 1649, Malaya Dmitrovka Street near Pushkinskaya Square, Tverskoy district. Православнаѧ Црковь.', 1664),
(11, '2022-10-10 13:06:44', '<a href=\"https://traveladventureeverywhere.blogspot.com/2020/08/holy-moscow-cathedrals-churches.html\" rel=\"noreferrer nofollow\">traveladventureeverywhere.blogspot.com/2020/08/holy-mosco...</a>\n..\n\n..\n\n.\n\n.\n\n.\n\n.\n\n.\n\n\n.\n\n.\n\n.\n\n.\n\n.\n\n.\n\n.\n\n.\n\n.\n\n.\n\n.\n\n.\n\n.', 'https://live.staticflickr.com/65535/52457832734_3e70261082_o.jpg', '55.743793', '37.610750', 'sacalevic', 'Russian Federation, Holy Moscow, Church of Saint Nicholas on Bersenevka (Since 1657), Upper Gardeners - Verkhniye Sadovniki, Bersenevskaya Embankment, Yakimanka district. Православнаѧ Црковь.', 2011),
(12, '2022-10-16 13:56:35', '<a href=\"https://traveladventureeverywhere.blogspot.com/2017/08/moscow-voyage-to-moscow-russian.html\" rel=\"noreferrer nofollow\">traveladventureeverywhere.blogspot.com/2017/08/moscow-voy...</a>\n..\n\n..\n\n.\n\n.\n\n.\n\n.\n\n.\n\n\n.\n\n.\n\n.\n\n.\n\n.\n\n.\n\n.\n\n.\n\n.\n\n.\n\n.\n\n.\n\n.', 'https://live.staticflickr.com/65535/52454657005_019f892d24_o.jpg', '55.744899', '37.541122', 'sacalevic', 'Russia,  Autumn Moscow,  International Business Center \"Moscow-City\", towers from left: \"Naberezhnaya\", \"Neva towers\", \"Federation\", \"City of Capitals\", \"Mercury-City\", \"Imperia\", \"Evolution\". A View from side of Taras Shevchenko Embankment, Dorogomilovo', 11952),
(13, '2022-10-16 14:17:58', '<a href=\"https://traveladventureeverywhere.blogspot.com/2017/08/moscow-voyage-to-moscow-russian.html\" rel=\"noreferrer nofollow\">traveladventureeverywhere.blogspot.com/2017/08/moscow-voy...</a>\n\n\n..\n\n..\n\n.\n\n.\n\n.\n\n.\n\n.\n\n\n.\n\n.\n\n.\n\n.\n\n.\n\n.\n\n.\n\n.\n\n.\n\n.\n\n.\n\n.\n', 'https://live.staticflickr.com/65535/52453539972_a79e9f7495_o.jpg', '55.749283', '37.540092', 'sacalevic', 'Russia, Modern Architecture of Moscow,  towers from left: \"Empire\" (Империя), \"Federation\" (Федерация),  \"Evolution\" (Эволюция), \"Mercury-City\" (Меркурий-Сити) in the Moscow International Business Centre (MIBC), Presnenskaya Embankment, Presnensky dt.', 2967),
(14, '2022-10-16 14:29:02', '<a href=\"https://traveladventureeverywhere.blogspot.com/2017/08/moscow-voyage-to-moscow-russian.html\" rel=\"noreferrer nofollow\">traveladventureeverywhere.blogspot.com/2017/08/moscow-voy...</a>\n..\n\n..\n\n.\n\n.\n\n.\n\n.\n\n.\n\n\n.\n\n.\n\n.\n\n.\n\n.\n\n.\n\n.\n\n.\n\n.\n\n.\n\n.\n\n.\n\n.', 'https://live.staticflickr.com/65535/52450311050_98d42826df_o.jpg', '55.751686', '37.535283', 'sacalevic', 'Russia, modern Moscow Architecture, the Towers of Business Center \"Moscow-City\", from left: \"Evolution\", \"Federation\" with reflection of \"Mercury-сity\", \"Neva Towers\" Complex & itself \"Mercury-city\",  Presnenskaya Embankment street, Presnensky district.', 1890),
(15, '2022-09-16 14:35:14', 'Zum 01.07.2022 hat die FS Group als Eigentümer der TrainOSE das Eisenbahnverkehrsunternehmen in Hellenic Train umbenannt. Einhergehend findet auch eine Umlackierung der Fahrzeuge in blaue und weiße Farben statt. Bei den Fahrzeugen des IC 57 Thessaloniki ', 'https://live.staticflickr.com/65535/52448550733_d362bf6ffa_o.jpg', '39.586342', '22.396874', 'OliverHeckmann', 'Hellenic Train 120 014 Larissa', 6487),
(16, '2022-08-17 12:35:51', '<a href=\"https://traveladventureeverywhere.blogspot.com/2020/08/holy-moscow-cathedrals-churches.html\" rel=\"noreferrer nofollow\">traveladventureeverywhere.blogspot.com/2020/08/holy-mosco...</a>\n\n..\n\n..\n\n.\n\n.\n\n.\n\n.\n\n.\n\n\n.\n\n.\n\n.\n\n.\n\n.\n\n.\n\n.\n\n.\n\n.\n\n.\n\n.\n\n.\n\n', 'https://live.staticflickr.com/65535/52436895382_8c7c286a61_o.jpg', '55.752516', '37.623153', 'sacalevic', 'Holy Great Russia -  Рүс̑скаѧ Землѧ, Moscow, fragment of Saint Basil\'s Cathedral (Pokrovsky Sobor since 1561) - Cathedral of the Protection of Most Holy Theotokos on the Moat, Red Square & Vasilyevsky Descent Square, Tverskoy district. Православнаѧ Црковь', 3594),
(17, '2022-10-16 14:10:39', '<a href=\"https://traveladventureeverywhere.blogspot.com/2017/08/moscow-voyage-to-moscow-russian.html\" rel=\"noreferrer nofollow\">traveladventureeverywhere.blogspot.com/2017/08/moscow-voy...</a>\n..\n\n..\n\n.\n\n.\n\n.\n\n.\n\n.\n\n\n.\n\n.\n\n.\n\n.\n\n.\n\n.\n\n.\n\n.\n\n.\n\n.\n\n.\n\n.\n\n.', 'https://live.staticflickr.com/65535/52436565653_5fc400b497_o.jpg', '55.749441', '37.540068', 'sacalevic', 'Russia, Modern Architecture of Moscow,  towers from left: \"Federation\" (Федерация), \"Empire\" (Империя), \"Mercury-City\" (Меркурий-Сити), \"Evolution\" (Эволюция) in the Moscow International Business Centre (MIBC), Presnenskaya Embankment, Presnensky dt.', 1450),
(18, '2022-10-16 13:20:26', '<a href=\"https://traveladventureeverywhere.blogspot.com/2017/08/moscow-voyage-to-moscow-russian.html\" rel=\"noreferrer nofollow\">traveladventureeverywhere.blogspot.com/2017/08/moscow-voy...</a>\n\n..\n\n..\n\n.\n\n.\n\n.\n\n.\n\n.\n\n\n.\n\n.\n\n.\n\n.\n\n.\n\n.\n\n.\n\n.\n\n.\n\n.\n\n.\n\n.\n\n', 'https://live.staticflickr.com/65535/52436375170_11d4b64bb6_o.jpg', '55.748232', '37.536640', 'sacalevic', 'Russia, Behind Railway Bridges the Towers of Business Center \"Moscow-City\". From left: \"Neva\", \"Oko\", \"Eurasia\", \"IQ-quarter\", \"Federation\", \"Mercury-City\", by construction \"Grand Tower\", \"Naberezhnaya\", \"City of Capitals\", \"Evolution\", Presnensky dt.', 4146),
(19, '2022-10-16 12:48:12', '<a href=\"https://traveladventureeverywhere.blogspot.com/2017/08/moscow-voyage-to-moscow-russian.html\" rel=\"noreferrer nofollow\">traveladventureeverywhere.blogspot.com/2017/08/moscow-voy...</a>\n..\n\n..\n\n.\n\n.\n\n.\n\n.\n\n.\n\n\n.\n\n.\n\n.\n\n.\n\n.\n\n.\n\n.\n\n.\n\n.\n\n.\n\n.\n\n.\n\n.', 'https://live.staticflickr.com/65535/52435329804_0603f281d3_o.jpg', '55.742598', '37.535176', 'sacalevic', 'Russia,  Moscow,  Modern Towers of International Business Center \"Moscow-City\" from left: \"Oko\" (Eye), \"IQ-quarter\", \"Neva\", \"Eurasia\", \"IQ-quarter\", \"Naberezhnaya\", \"Mercury-City\"  in contrast to Old Stalinist House in Kutuzovsky Avenue, Dorogomilovo dt.', 1745),
(20, '2022-08-17 12:35:56', '<a href=\"https://traveladventureeverywhere.blogspot.com/2020/08/holy-moscow-cathedrals-churches.html\" rel=\"noreferrer nofollow\">traveladventureeverywhere.blogspot.com/2020/08/holy-mosco...</a>\n\n..\n\n..\n\n.\n\n.\n\n.\n\n.\n\n.\n\n\n.\n\n.\n\n.\n\n.\n\n.\n\n.\n\n.\n\n.\n\n.\n\n.\n\n.\n\n.\n\n', 'https://live.staticflickr.com/65535/52431397763_e267048c4e_o.jpg', '55.752516', '37.623153', 'sacalevic', 'Holy Great Russia -  Рүс̑скаѧ Землѧ, Moscow, fragment of Saint Basil\'s Cathedral (Pokrovsky Sobor since 1561) - Cathedral of the Protection of Most Holy Theotokos on the Moat, Red Square & Vasilyevsky Descent Square, Tverskoy district. Православнаѧ Црковь', 4891),
(21, '2022-10-10 11:42:37', '<a href=\"https://traveladventureeverywhere.blogspot.com/2020/08/holy-moscow-cathedrals-churches.html\" rel=\"noreferrer nofollow\">traveladventureeverywhere.blogspot.com/2020/08/holy-mosco...</a>\n\n\n..\n\n..\n\n.\n\n.\n\n.\n\n.\n\n.\n\n\n.\n\n.\n\n.\n\n.\n\n.\n\n.\n\n.\n\n.\n\n.\n\n.\n\n.\n\n.\n', 'https://live.staticflickr.com/65535/52428519747_22e7b64da5_o.jpg', '55.744669', '37.605439', 'sacalevic', 'Holy Russia, Autumn Moscow, the view of Cathedral of Christ the Saviour from Soymonovsky Passage, Volkhonka street / Prechistenskaya Embankment, Khamovniki district. Православнаѧ Црковь.', 3696),
(22, '2022-05-01 10:32:01', '<a href=\"https://traveladventureeverywhere.blogspot.com/2020/08/holy-moscow-cathedrals-churches.html\" rel=\"noreferrer nofollow\">traveladventureeverywhere.blogspot.com/2020/08/holy-mosco...</a>\n\n\n..\n\n..\n\n.\n\n.\n\n.\n\n.\n\n.\n\n\n.\n\n.\n\n.\n\n.\n\n.\n\n.\n\n.\n\n.\n\n.\n\n.\n\n.\n\n.\n', 'https://live.staticflickr.com/65535/52428041586_7322ca7340_o.jpg', '55.739812', '37.600093', 'sacalevic', 'Holy Russia, Moscow Architecture, Cathedral of the Nativity of the Blessed Virgin Mary of the Conception Convent (Zachatyevsky Stauropegial Monastery founded 1360, closed 1918,  restored 1995), 2nd Zachatyevsky Lane, Khamovniki dt. Православнаѧ Црковь.', 5130),
(23, '2022-10-10 12:41:50', '<a href=\"https://traveladventureeverywhere.blogspot.com/2020/08/holy-moscow-cathedrals-churches.html\" rel=\"noreferrer nofollow\">traveladventureeverywhere.blogspot.com/2020/08/holy-mosco...</a>\n\n..\n\n..\n\n.\n\n.\n\n.\n\n.\n\n.\n\n\n.\n\n.\n\n.\n\n.\n\n.\n\n.\n\n.\n\n.\n\n.\n\n.\n\n.\n\n.\n\n', 'https://live.staticflickr.com/65535/52426069043_8bef743365_o.jpg', '55.744669', '37.605439', 'sacalevic', 'Russian Federation, Holy Moscow, Cathedral of Christ the Saviour (built 1883, demolished 1931, restored 2000),  Soymonovsky Passage / Volkhonka street / Prechistenskaya Embankment, Khamovniki district. Православнаѧ Црковь.', 2445),
(24, '2021-10-08 11:05:44', '<a href=\"https://traveladventureeverywhere.blogspot.com/2020/08/holy-moscow-cathedrals-churches.html\" rel=\"noreferrer nofollow\">traveladventureeverywhere.blogspot.com/2020/08/holy-mosco...</a>\n..\n\n..\n\n.\n\n.\n\n.\n\n.\n\n.\n\n\n.\n\n.\n\n.\n\n.\n\n.\n\n.\n\n.\n\n.\n\n.\n\n.\n\n.\n\n.\n\n.', 'https://live.staticflickr.com/65535/52424320192_f7b9a0c325_o.jpg', '55.726801', '37.557610', 'sacalevic', 'Holy Russia, Moscow Nature & Architecture, Golden Autumn near Transfiguration Church over the Holy gates (Преображенская Церковь) in  Bogoroditse-Smolensky Novodevichy convent, Novodevichy Passage, Khamovniki district. Православнаѧ Црковь.', 1929),
(25, '2022-10-10 13:03:29', '<a href=\"https://traveladventureeverywhere.blogspot.com/2020/08/holy-moscow-cathedrals-churches.html\" rel=\"noreferrer nofollow\">traveladventureeverywhere.blogspot.com/2020/08/holy-mosco...</a>\n..\n\n..\n\n.\n\n.\n\n.\n\n.\n\n.\n\n\n.\n\n.\n\n.\n\n.\n\n.\n\n.\n\n.\n\n.\n\n.\n\n.\n\n.\n\n.\n\n.', 'https://live.staticflickr.com/65535/52423552684_23e596d889_o.jpg', '55.743793', '37.610750', 'sacalevic', 'Russian Federation, Holy Moscow, Church of Saint Nicholas on Bersenevka (since 1657), Upper Gardeners - Verkhniye Sadovniki, Bersenevskaya Embankment, Yakimanka district. Православнаѧ Црковь.', 1533),
(26, '2022-10-12 09:40:36', 'On October 6, 2022, Triton (the largest natural satellite of the planet Neptune) occulted 11.5-mag star TYC 5254-00839-1, and this rare phenomenon (for example, a list of future events is available on page 10 here: <a href=\"https://www.iota-es.de/JOA/JOA', 'https://live.staticflickr.com/65535/52423489463_122eafcb23_o.jpg', '40.408075', '116.670577', 'filipp.romanov', 'Rare occultation of the star by Neptune’s moon Triton', 194),
(27, '2022-10-10 12:48:26', '<a href=\"https://traveladventureeverywhere.blogspot.com/2020/08/holy-moscow-cathedrals-churches.html\" rel=\"noreferrer nofollow\">traveladventureeverywhere.blogspot.com/2020/08/holy-mosco...</a>\n\n..\n\n..\n\n.\n\n.\n\n.\n\n.\n\n.\n\n\n.\n\n.\n\n.\n\n.\n\n.\n\n.\n\n.\n\n.\n\n.\n\n.\n\n.\n\n.\n\n', 'https://live.staticflickr.com/65535/52422675396_953b2906be_o.jpg', '55.744669', '37.605439', 'sacalevic', 'Russian Federation, Holy Moscow, fragment of Cathedral of Christ the Saviour (built 1883, demolished 1931, restored 2000),  Soymonovsky Passage / Volkhonka street / Prechistenskaya Embankment, Khamovniki district. Православнаѧ Црковь.', 2792),
(28, '2022-10-10 13:02:04', '<a href=\"https://traveladventureeverywhere.blogspot.com/2020/08/holy-moscow-cathedrals-churches.html\" rel=\"noreferrer nofollow\">traveladventureeverywhere.blogspot.com/2020/08/holy-mosco...</a>\n\n..\n\n..\n\n.\n\n.\n\n.\n\n.\n\n.\n\n\n.\n\n.\n\n.\n\n.\n\n.\n\n.\n\n.\n\n.\n\n.\n\n.\n\n.\n\n.\n\n', 'https://live.staticflickr.com/65535/52421138737_592f6d9a11_o.jpg', '55.743793', '37.610750', 'sacalevic', 'Russian Federation, Holy Moscow, Church of Saint Nicholas on Bersenevka (Since 1657), Upper Gardeners - Verkhniye Sadovniki, Bersenevskaya Embankment, Yakimanka district. Православнаѧ Црковь.', 4415),
(29, '2022-10-10 11:39:53', '<a href=\"https://traveladventureeverywhere.blogspot.com/2020/08/holy-moscow-cathedrals-churches.html\" rel=\"noreferrer nofollow\">traveladventureeverywhere.blogspot.com/2020/08/holy-mosco...</a>\n..\n\n..\n\n.\n\n.\n\n.\n\n.\n\n.\n\n\n.\n\n.\n\n.\n\n.\n\n.\n\n.\n\n.\n\n.\n\n.\n\n.\n\n.\n\n.\n\n.', 'https://live.staticflickr.com/65535/52420579742_b4cd0b6077_o.jpg', '55.744669', '37.605439', 'sacalevic', 'Holy Russia, Golden Autumn in Moscow, the view of Cathedral of Christ the Saviour from Soymonovsky Passage, Volkhonka street / Prechistenskaya Embankment, Khamovniki district. Православнаѧ Црковь.', 1941),
(30, '2022-10-10 13:08:20', '<a href=\"https://traveladventureeverywhere.blogspot.com/2020/08/holy-moscow-cathedrals-churches.html\" rel=\"noreferrer nofollow\">traveladventureeverywhere.blogspot.com/2020/08/holy-mosco...</a>\n\n..\n\n..\n\n.\n\n.\n\n.\n\n.\n\n.\n\n\n.\n\n.\n\n.\n\n.\n\n.\n\n.\n\n.\n\n.\n\n.\n\n.\n\n.\n\n.\n\n', 'https://live.staticflickr.com/65535/52419790911_7a17dd2659_o.jpg', '55.743793', '37.610750', 'sacalevic', 'Russian Federation, Holy Moscow, Church of Saint Nicholas on Bersenevka (Since 1657), Upper Gardeners - Verkhniye Sadovniki, Bersenevskaya Embankment, Yakimanka district. Православнаѧ Црковь.', 2401),
(31, '2022-10-10 11:55:07', '<a href=\"https://traveladventureeverywhere.blogspot.com/2018/12/moscow-russia-four-seasons-nature-of.html\" rel=\"noreferrer nofollow\">traveladventureeverywhere.blogspot.com/2018/12/moscow-rus...</a>\n..\n\n..\n\n.\n\n.\n\n.\n\n.\n\n.\n\n\n.\n\n.\n\n.\n\n.\n\n.\n\n.\n\n.\n\n.\n\n.\n\n.\n\n.\n', 'https://live.staticflickr.com/65535/52418672857_4c74fb7508_o.jpg', '55.744669', '37.605439', 'sacalevic', 'Holy Russia, Golden Autumn in Moscow, the view of Cathedral of Christ the Saviour from Soymonovsky Passage, Volkhonka street / Prechistenskaya Embankment, Khamovniki district. Православнаѧ Црковь.', 1331),
(32, '2022-10-10 12:46:04', '<a href=\"https://traveladventureeverywhere.blogspot.com/2020/08/holy-moscow-cathedrals-churches.html\" rel=\"noreferrer nofollow\">traveladventureeverywhere.blogspot.com/2020/08/holy-mosco...</a>\n..\n\n..\n\n.\n\n.\n\n.\n\n.\n\n.\n\n\n.\n\n.\n\n.\n\n.\n\n.\n\n.\n\n.\n\n.\n\n.\n\n.\n\n.\n\n.\n\n.', 'https://live.staticflickr.com/65535/52419058301_98e10cca86_o.jpg', '55.744669', '37.605439', 'sacalevic', 'Russian Federation, Holy Moscow, fragment of Cathedral of Christ the Saviour (built 1883, demolished 1931, restored 2000),  Soymonovsky Passage / Volkhonka street / Prechistenskaya Embankment, Khamovniki district. Православнаѧ Црковь.', 1506),
(33, '2022-10-10 11:38:55', '<a href=\"https://traveladventureeverywhere.blogspot.com/2020/08/holy-moscow-cathedrals-churches.html\" rel=\"noreferrer nofollow\">traveladventureeverywhere.blogspot.com/2020/08/holy-mosco...</a>\n\n\n..\n\n..\n\n.\n\n.\n\n.\n\n.\n\n.\n\n\n.\n\n.\n\n.\n\n.\n\n.\n\n.\n\n.\n\n.\n\n.\n\n.\n\n.\n\n.\n', 'https://live.staticflickr.com/65535/52418541476_95f681662f_o.jpg', '55.744669', '37.605439', 'sacalevic', 'Holy Russia, Autumn Moscow, the view of Cathedral of Christ the Saviour from Soymonovsky Passage, Volkhonka street / Prechistenskaya Embankment, Khamovniki district. Православнаѧ Црковь.', 4556),
(34, '2022-10-10 13:03:11', '<a href=\"https://traveladventureeverywhere.blogspot.com/2020/08/holy-moscow-cathedrals-churches.html\" rel=\"noreferrer nofollow\">traveladventureeverywhere.blogspot.com/2020/08/holy-mosco...</a>\n..\n\n..\n\n.\n\n.\n\n.\n\n.\n\n.\n\n\n.\n\n.\n\n.\n\n.\n\n.\n\n.\n\n.\n\n.\n\n.\n\n.\n\n.\n\n.\n\n.', 'https://live.staticflickr.com/65535/52418165690_08f51268e5_o.jpg', '55.743793', '37.610750', 'sacalevic', 'Russian Federation, Holy Moscow, Church of Saint Nicholas on Bersenevka (since 1657), Upper Gardeners - Verkhniye Sadovniki, Bersenevskaya Embankment, Yakimanka district. Православнаѧ Црковь.', 1724),
(35, '2022-08-14 10:14:22', '<a href=\"https://traveladventureeverywhere.blogspot.com/2020/08/holy-moscow-cathedrals-churches.html\" rel=\"noreferrer nofollow\">traveladventureeverywhere.blogspot.com/2020/08/holy-mosco...</a>\n\n..\n\n..\n\n.\n\n.\n\n.\n\n.\n\n.\n\n\n.\n\n.\n\n.\n\n.\n\n.\n\n.\n\n.\n\n.\n\n.\n\n.\n\n.\n\n.\n\n', 'https://live.staticflickr.com/65535/52415866397_bf7268dd33_o.jpg', '55.740300', '37.702751', 'sacalevic', 'Russian Federation, Holy Moscow,  Fragment of Bell tower of Saint Nicholas of Myra (Lycia) since 1775 in the Rogozhskaya Yamskaya sloboda, Rogozhsky Posyolok Street, Nizhegorodsky District. Russian Orthodox Church - Православнаѧ Црковь.', 4367),
(36, '2021-10-08 11:06:19', '<a href=\"https://traveladventureeverywhere.blogspot.com/2020/08/holy-moscow-cathedrals-churches.html\" rel=\"noreferrer nofollow\">traveladventureeverywhere.blogspot.com/2020/08/holy-mosco...</a>\n..\n\n..\n\n.\n\n.\n\n.\n\n.\n\n.\n\n\n.\n\n.\n\n.\n\n.\n\n.\n\n.\n\n.\n\n.\n\n.\n\n.\n\n.\n\n.\n\n.', 'https://live.staticflickr.com/65535/52408874995_24d57a24ed_o.jpg', '55.726801', '37.557610', 'sacalevic', 'Holy Russia, Moscow Nature & Architecture, Golden Autumn near Transfiguration Church over the Holy gates (Преображенская Церковь) in  Bogoroditse-Smolensky Novodevichy convent, Novodevichy Passage, Khamovniki district. Православнаѧ Црковь.', 1943),
(37, '2022-06-23 08:43:51', '<a href=\"https://traveladventureeverywhere.blogspot.com/2020/08/holy-moscow-cathedrals-churches.html\" rel=\"noreferrer nofollow\">traveladventureeverywhere.blogspot.com/2020/08/holy-mosco...</a>\n..\n\n..\n\n.\n\n.\n\n.\n\n.\n\n.\n\n\n.\n\n.\n\n.\n\n.\n\n.\n\n.\n\n.\n\n.\n\n.\n\n.\n\n.\n\n.\n\n.', 'https://live.staticflickr.com/65535/52403971213_873b283cd9_o.jpg', '55.743790', '37.610633', 'sacalevic', 'Russian Federation, Holy Moscow, the fragment of  Saint Nicholas Church on Bersenevka (Since 1657), Upper Gardeners - Verkhniye Sadovniki, Bersenevskaya Embankment, Yakimanka district. Православнаѧ Црковь.', 5968),
(38, '2022-08-14 10:18:05', '<a href=\"https://traveladventureeverywhere.blogspot.com/2020/08/holy-moscow-cathedrals-churches.html\" rel=\"noreferrer nofollow\">traveladventureeverywhere.blogspot.com/2020/08/holy-mosco...</a>\n..\n\n..\n\n.\n\n.\n\n.\n\n.\n\n.\n\n\n.\n\n.\n\n.\n\n.\n\n.\n\n.\n\n.\n\n.\n\n.\n\n.\n\n.\n\n.\n\n.', 'https://live.staticflickr.com/65535/52396609105_a1d71b908a_o.jpg', '55.740300', '37.702751', 'sacalevic', 'Russian Federation, Holy Moscow,  fragment of the Russian Orthodox Church of Saint Nicholas of Myra (Lycia) since 1775, Rogozhskaya Yamskaya sloboda, Rogozhsky Posyolok Street, Nizhegorodsky District. Православнаѧ Црковь.', 2064),
(39, '2022-08-17 12:41:49', '<a href=\"https://traveladventureeverywhere.blogspot.com/2020/08/holy-moscow-cathedrals-churches.html\" rel=\"noreferrer nofollow\">traveladventureeverywhere.blogspot.com/2020/08/holy-mosco...</a>\n..\n\n..\n\n.\n\n.\n\n.\n\n.\n\n.\n\n\n.\n\n.\n\n.\n\n.\n\n.\n\n.\n\n.\n\n.\n\n.\n\n.\n\n.\n\n.\n\n.', 'https://live.staticflickr.com/65535/52394337659_af75626c5b_o.jpg', '55.752516', '37.623153', 'sacalevic', 'Holy Great Russia -  Рүс̑скаѧ Землѧ, Moscow, fragment of Saint Basil\'s Cathedral (Pokrovsky Sobor since 1561) - Cathedral of the Protection of Most Holy Theotokos on the Moat, Red Square & Vasilyevsky Descent Square, Tverskoy district. Православнаѧ Црковь', 2342),
(40, '2022-08-17 12:42:39', '<a href=\"https://traveladventureeverywhere.blogspot.com/2020/08/holy-moscow-cathedrals-churches.html\" rel=\"noreferrer nofollow\">traveladventureeverywhere.blogspot.com/2020/08/holy-mosco...</a>\n..\n\n..\n\n.\n\n.\n\n.\n\n.\n\n.\n\n\n.\n\n.\n\n.\n\n.\n\n.\n\n.\n\n.\n\n.\n\n.\n\n.\n\n.\n\n.\n\n.', 'https://live.staticflickr.com/65535/52393541103_2b5234d170_o.jpg', '55.752516', '37.623153', 'sacalevic', 'Holy Great Russia -  Рүс̑скаѧ Землѧ, Moscow, fragment of Saint Basil\'s Cathedral (Pokrovsky Sobor since 1561) - Cathedral of the Protection of Most Holy Theotokos on the Moat, Red Square & Vasilyevsky Descent Square, Tverskoy district. Православнаѧ Црковь', 2416),
(41, '2022-08-14 10:09:35', '<a href=\"https://traveladventureeverywhere.blogspot.com/2020/08/holy-moscow-cathedrals-churches.html\" rel=\"noreferrer nofollow\">traveladventureeverywhere.blogspot.com/2020/08/holy-mosco...</a>\n\n\n..\n\n..\n\n.\n\n.\n\n.\n\n.\n\n.\n\n\n.\n\n.\n\n.\n\n.\n\n.\n\n.\n\n.\n\n.\n\n.\n\n.\n\n.\n\n.\n', 'https://live.staticflickr.com/65535/52371137803_32ed7636e8_o.jpg', '55.740300', '37.702751', 'sacalevic', 'Russian Federation, Holy Moscow,  fragment of the Russian Orthodox Church of Saint Nicholas of Myra (Lycia) since 1775, Rogozhskaya Yamskaya sloboda, Rogozhsky Posyolok Street, Nizhegorodsky District. Православнаѧ Црковь.', 1775),
(42, '2022-08-25 12:45:47', '<a href=\"https://traveladventureeverywhere.blogspot.com/2018/06/kuskovo-voyage-to-kuskovo-park-and.html\" rel=\"noreferrer nofollow\">traveladventureeverywhere.blogspot.com/2018/06/kuskovo-vo...</a>\n\nΣκάμανδρος\nScamandrus\nΞάνθος\nXanthos\nКсантос\nSkamandros\nΣ', 'https://live.staticflickr.com/65535/52336779950_44325f5560_o.jpg', '55.736984', '37.809181', 'sacalevic', 'Russian Federation, Art of Historical Moscow. Fragment of the Sculpture \"Allegory of the God of the river Scamander\" in Kuskovo (Кусково) - Summer Country House and Estate of the Count Sheremetev family, Yunosty street, Veshnyaki district.', 5101),
(43, '2021-07-12 12:40:32', '<a href=\"https://traveladventureeverywhere.blogspot.com/2017/10/russia-voyage-to-russia.html\" rel=\"noreferrer nofollow\">traveladventureeverywhere.blogspot.com/2017/10/russia-voy...</a>\n\n..\n\n..\n\n.\n\n.\n\n.\n\n.\n\n.\n\n\n.\n\n.\n\n.\n\n.\n\n.\n\n.\n\n.\n\n.\n\n.\n\n.\n\n.\n\n.\n\n.\n\n.\n\n.\n', 'https://live.staticflickr.com/65535/52319178467_921d9d0f1a_o.jpg', '56.310374', '38.130606', 'sacalevic', 'Holy Russia. The fragments of Assumption Cathedral (since 1585), Assumption Well Chapel & the Canopy above the Sacred source, Trinity Lavra of Saint Sergius, Sergiyev Posad city, Moscow region (Oblast). Православнаѧ Црковь.', 5878),
(44, '2022-08-14 10:11:38', '<a href=\"https://traveladventureeverywhere.blogspot.com/2012/01/russia-moscow-st-petersburg.html\" rel=\"noreferrer nofollow\">traveladventureeverywhere.blogspot.com/2012/01/russia-mos...</a>\n\n\n..\n\n..\n\n.\n\n.\n\n.\n\n.\n\n.\n\n\n.\n\n.\n\n.\n\n.\n\n.\n\n.\n\n.\n\n.\n\n.\n\n.\n\n.\n\n.\n\n.\n\n', 'https://live.staticflickr.com/65535/52294469108_852767e2cd_o.jpg', '55.740432', '37.702397', 'sacalevic', 'Russian Federation, Holy Moscow,  Fragment of Bell tower of Saint Nicholas of Myra (Lycia) since 1775 in the Rogozhskaya Yamskaya sloboda, Rogozhsky Posyolok Street, Nizhegorodsky District. Russian Orthodox Church - Православнаѧ Црковь.', 1439),
(45, '2022-08-17 12:35:34', '<a href=\"https://traveladventureeverywhere.blogspot.com/2020/08/holy-moscow-cathedrals-churches.html\" rel=\"noreferrer nofollow\">traveladventureeverywhere.blogspot.com/2020/08/holy-mosco...</a>\n\n\n..\n\n..\n\n.\n\n.\n\n.\n\n.\n\n.\n\n\n.\n\n.\n\n.\n\n.\n\n.\n\n.\n\n.\n\n.\n\n.\n\n.\n\n.\n\n.\n', 'https://live.staticflickr.com/65535/52292771288_e9bc716c8f_o.jpg', '55.752516', '37.623153', 'sacalevic', 'Holy Russia, Moscow, fragment of Saint Basil\'s Cathedral (Pokrovsky Sobor) - Cathedral of the Protection of Most Holy Theotokos on the Moat, Red Square & Vasilyevsky Descent Square, Tverskoy district. Православнаѧ Црковь.', 1601),
(46, '2022-08-14 10:15:31', '<a href=\"https://traveladventureeverywhere.blogspot.com/2020/08/holy-moscow-cathedrals-churches.html\" rel=\"noreferrer nofollow\">traveladventureeverywhere.blogspot.com/2020/08/holy-mosco...</a>\n\n\n..\n\n..\n\n.\n\n.\n\n.\n\n.\n\n.\n\n\n.\n\n.\n\n.\n\n.\n\n.\n\n.\n\n.\n\n.\n\n.\n\n.\n\n.\n\n.\n', 'https://live.staticflickr.com/65535/52285026771_0211c64e96_o.jpg', '55.740300', '37.702751', 'sacalevic', 'Russian Federation, Holy Moscow,  fragment of the Russian Orthodox Church of Saint Nicholas of Myra (Lycia) since 1775, Rogozhskaya Yamskaya sloboda, Rogozhsky Posyolok Street, Nizhegorodsky District. Православнаѧ Црковь.', 1525),
(47, '2022-06-08 11:24:12', '<a href=\"https://traveladventureeverywhere.blogspot.com/2020/08/holy-moscow-cathedrals-churches.html\" rel=\"noreferrer nofollow\">traveladventureeverywhere.blogspot.com/2020/08/holy-mosco...</a>\n\n\n..\n\n..\n\n.\n\n.\n\n.\n\n.\n\n.\n\n\n.\n\n.\n\n.\n\n.\n\n.\n\n.\n\n.\n\n.\n\n.\n\n.\n\n.\n\n.\n', 'https://live.staticflickr.com/65535/52277979603_5945354e7f_o.jpg', '55.750898', '37.616244', 'sacalevic', 'Russia, Holy Moscow, the Kremlin Turrets - Golden Onion Domes as the Fragment of the Complex of Verkhospassky Cathedral & the Terem Churches since 1636 (Верхоспасский Собор и Теремные Церкви),  Sobornaya Square, Tverskoy district. Православнаѧ Црковь.', 1889),
(48, '2022-07-31 10:29:29', '<a href=\"https://traveladventureeverywhere.blogspot.com/2017/08/moscow-voyage-to-moscow-russian.html\" rel=\"noreferrer nofollow\">traveladventureeverywhere.blogspot.com/2017/08/moscow-voy...</a>\n\n..\n\n..\n\n.\n\n.\n\n.\n\n.\n\n.\n\n\n.\n\n.\n\n.\n\n.\n\n.\n\n.\n\n.\n\n.\n\n.\n\n.\n\n.\n\n.\n\n', 'https://live.staticflickr.com/65535/52253488104_cf606188fb_o.jpg', '55.750705', '37.539919', 'sacalevic', 'Modern Architecture of Russia. The Moscow International Business Centre towers from left to right: \"Eurasia\", Two towers of \"Federation Complex\", \"Mercury-City\", & by construction \"Grand Tower\",  Presnenskaya Embankment, Presnensky district.', 2343),
(49, '2022-06-29 11:08:52', '<a href=\"https://traveladventureeverywhere.blogspot.com/2020/08/holy-moscow-cathedrals-churches.html\" rel=\"noreferrer nofollow\">traveladventureeverywhere.blogspot.com/2020/08/holy-mosco...</a>\n\n\n..\n\n..\n\n.\n\n.\n\n.\n\n.\n\n.\n\n\n.\n\n.\n\n.\n\n.\n\n.\n\n.\n\n.\n\n.\n\n.\n\n.\n\n.\n\n.\n', 'https://live.staticflickr.com/65535/52250774191_51e2fafffc_o.jpg', '55.824171', '37.613628', 'sacalevic', 'Russian Federation, Orthodox Moscow, Life-giving Trinity Church in Ostankino (founded in 1558, built in 1692),  1st Ostankinskaya Street, Ostankinsky district.  Православнаѧ Црковь.', 1340),
(50, '2022-06-25 11:13:14', '<a href=\"https://traveladventureeverywhere.blogspot.com/2022/07/russian-old-believer-community-in.html\" rel=\"noreferrer nofollow\">traveladventureeverywhere.blogspot.com/2022/07/russian-ol...</a>\n\n\n..\n\n..\n\n.\n\n.\n\n.\n\n.\n\n.\n\n\n.\n\n.\n\n.\n\n.\n\n.\n\n.\n\n.\n\n.\n\n.\n\n.\n\n.\n\n', 'https://live.staticflickr.com/65535/52244557693_6a60c06037_o.jpg', '55.740300', '37.702751', 'sacalevic', 'Russian Federation, Holy Moscow,  Bell tower of the Russian Orthodox Church of Saint Nicholas of Myra (Lycia) since 1775 in the Rogozhskaya Yamskaya sloboda, Rogozhsky Posyolok Street, Nizhegorodsky District. Православнаѧ Црковь.', 2220),
(154, '2009-12-29 08:25:51', '', 'https://live.staticflickr.com/4038/4225073959_996289f985_o.png', '43.655080', '-79.460377', 'TestMediaMatters', 'eddy', 0);

-- --------------------------------------------------------

--
-- Δομή πίνακα για τον πίνακα `image_tags`
--

CREATE TABLE `image_tags` (
  `id` int(11) NOT NULL,
  `image_id` int(11) NOT NULL,
  `tag_id` int(11) NOT NULL
) ENGINE=InnoDB DEFAULT CHARSET=utf8mb3 COLLATE=utf8mb3_general_ci;

--
-- Άδειασμα δεδομένων του πίνακα `image_tags`
--

INSERT INTO `image_tags` (`id`, `image_id`, `tag_id`) VALUES
(1, 4, 17),
(2, 4, 32),
(3, 4, 35),
(4, 4, 65),
(5, 4, 27),
(6, 4, 48),
(7, 4, 26),
(8, 4, 18),
(9, 4, 41),
(10, 4, 33),
(11, 4, 37),
(12, 4, 34),
(13, 4, 44),
(14, 4, 45),
(15, 4, 22),
(16, 4, 58),
(17, 4, 59),
(18, 4, 6),
(19, 4, 49),
(20, 4, 24),
(21, 4, 54),
(22, 4, 4),
(23, 4, 29),
(24, 4, 19),
(25, 4, 3),
(26, 4, 47),
(27, 4, 1),
(28, 4, 31),
(29, 4, 20),
(30, 4, 56),
(31, 4, 21),
(32, 4, 40),
(33, 4, 42),
(34, 4, 5),
(35, 4, 9),
(36, 4, 8),
(37, 4, 67),
(38, 4, 2),
(39, 4, 25),
(40, 4, 61),
(41, 4, 68),
(42, 4, 66),
(43, 4, 57),
(44, 4, 63),
(45, 4, 69),
(46, 4, 28),
(47, 4, 15),
(48, 4, 38),
(49, 4, 43),
(50, 4, 55),
(51, 4, 62),
(52, 4, 60),
(53, 4, 12),
(54, 4, 7),
(55, 4, 14),
(56, 4, 16),
(57, 4, 39),
(58, 4, 51),
(59, 4, 11),
(60, 4, 52),
(61, 4, 13),
(62, 4, 23),
(63, 4, 46),
(64, 4, 10),
(65, 4, 53),
(66, 4, 50),
(67, 4, 70),
(68, 4, 30),
(69, 4, 64),
(70, 4, 36),
(71, 5, 17),
(72, 5, 82),
(73, 5, 86),
(74, 5, 32),
(75, 5, 65),
(76, 5, 79),
(77, 5, 27),
(78, 5, 72),
(79, 5, 84),
(80, 5, 96),
(81, 5, 18),
(82, 5, 87),
(83, 5, 41),
(84, 5, 77),
(85, 5, 37),
(86, 5, 71),
(87, 5, 44),
(88, 5, 78),
(89, 5, 80),
(90, 5, 59),
(91, 5, 6),
(92, 5, 24),
(93, 5, 105),
(94, 5, 94),
(95, 5, 98),
(96, 5, 104),
(97, 5, 97),
(98, 5, 29),
(99, 5, 88),
(100, 5, 85),
(101, 5, 93),
(102, 5, 1),
(103, 5, 91),
(104, 5, 31),
(105, 5, 20),
(106, 5, 56),
(107, 5, 76),
(108, 5, 40),
(109, 5, 42),
(110, 5, 106),
(111, 5, 83),
(112, 5, 95),
(113, 5, 25),
(114, 5, 2),
(115, 5, 92),
(116, 5, 66),
(117, 5, 101),
(118, 5, 69),
(119, 5, 38),
(120, 5, 74),
(121, 5, 43),
(122, 5, 103),
(123, 5, 100),
(124, 5, 89),
(125, 5, 16),
(126, 5, 73),
(127, 5, 23),
(128, 5, 107),
(129, 5, 75),
(130, 5, 81),
(131, 5, 90),
(132, 5, 102),
(133, 5, 70),
(134, 5, 99),
(135, 5, 64),
(136, 5, 36),
(137, 6, 17),
(138, 6, 127),
(139, 6, 138),
(140, 6, 120),
(141, 6, 114),
(142, 6, 112),
(143, 6, 32),
(144, 6, 140),
(145, 6, 141),
(146, 6, 35),
(147, 6, 123),
(148, 6, 65),
(149, 6, 132),
(150, 6, 144),
(151, 6, 27),
(152, 6, 143),
(153, 6, 108),
(154, 6, 125),
(155, 6, 136),
(156, 6, 117),
(157, 6, 18),
(158, 6, 115),
(159, 6, 139),
(160, 6, 37),
(161, 6, 110),
(162, 6, 34),
(163, 6, 133),
(164, 6, 44),
(165, 6, 131),
(166, 6, 94),
(167, 6, 130),
(168, 6, 29),
(169, 6, 122),
(170, 6, 109),
(171, 6, 126),
(172, 6, 31),
(173, 6, 135),
(174, 6, 119),
(175, 6, 95),
(176, 6, 128),
(177, 6, 124),
(178, 6, 66),
(179, 6, 57),
(180, 6, 142),
(181, 6, 113),
(182, 6, 38),
(183, 6, 118),
(184, 6, 134),
(185, 6, 43),
(186, 6, 111),
(187, 6, 55),
(188, 6, 129),
(189, 6, 39),
(190, 6, 51),
(191, 6, 137),
(192, 6, 145),
(193, 6, 116),
(194, 6, 90),
(195, 6, 30),
(196, 6, 121),
(197, 6, 64),
(198, 6, 36),
(199, 7, 138),
(200, 7, 17),
(201, 7, 172),
(202, 7, 120),
(203, 7, 32),
(204, 7, 112),
(205, 7, 162),
(206, 7, 140),
(207, 7, 141),
(208, 7, 35),
(209, 7, 65),
(210, 7, 27),
(211, 7, 143),
(212, 7, 108),
(213, 7, 170),
(214, 7, 168),
(215, 7, 169),
(216, 7, 117),
(217, 7, 18),
(218, 7, 148),
(219, 7, 175),
(220, 7, 149),
(221, 7, 34),
(222, 7, 44),
(223, 7, 166),
(224, 7, 49),
(225, 7, 150),
(226, 7, 94),
(227, 7, 173),
(228, 7, 154),
(229, 7, 29),
(230, 7, 174),
(231, 7, 167),
(232, 7, 159),
(233, 7, 47),
(234, 7, 93),
(235, 7, 147),
(236, 7, 31),
(237, 7, 146),
(238, 7, 135),
(239, 7, 161),
(240, 7, 156),
(241, 7, 119),
(242, 7, 151),
(243, 7, 95),
(244, 7, 160),
(245, 7, 158),
(246, 7, 66),
(247, 7, 57),
(248, 7, 113),
(249, 7, 177),
(250, 7, 153),
(251, 7, 38),
(252, 7, 118),
(253, 7, 134),
(254, 7, 43),
(255, 7, 55),
(256, 7, 171),
(257, 7, 176),
(258, 7, 51),
(259, 7, 165),
(260, 7, 137),
(261, 7, 152),
(262, 7, 116),
(263, 7, 155),
(264, 7, 46),
(265, 7, 164),
(266, 7, 90),
(267, 7, 157),
(268, 7, 163),
(269, 7, 50),
(270, 7, 30),
(271, 7, 64),
(272, 7, 36),
(273, 8, 17),
(274, 8, 127),
(275, 8, 138),
(276, 8, 172),
(277, 8, 112),
(278, 8, 197),
(279, 8, 140),
(280, 8, 65),
(281, 8, 35),
(282, 8, 144),
(283, 8, 200),
(284, 8, 27),
(285, 8, 143),
(286, 8, 48),
(287, 8, 201),
(288, 8, 117),
(289, 8, 18),
(290, 8, 190),
(291, 8, 195),
(292, 8, 187),
(293, 8, 115),
(294, 8, 194),
(295, 8, 199),
(296, 8, 33),
(297, 8, 37),
(298, 8, 110),
(299, 8, 198),
(300, 8, 44),
(301, 8, 45),
(302, 8, 180),
(303, 8, 58),
(304, 8, 49),
(305, 8, 173),
(306, 8, 154),
(307, 8, 178),
(308, 8, 29),
(309, 8, 191),
(310, 8, 159),
(311, 8, 47),
(312, 8, 182),
(313, 8, 193),
(314, 8, 188),
(315, 8, 161),
(316, 8, 156),
(317, 8, 95),
(318, 8, 185),
(319, 8, 128),
(320, 8, 192),
(321, 8, 66),
(322, 8, 92),
(323, 8, 57),
(324, 8, 142),
(325, 8, 179),
(326, 8, 28),
(327, 8, 153),
(328, 8, 38),
(329, 8, 43),
(330, 8, 55),
(331, 8, 184),
(332, 8, 196),
(333, 8, 181),
(334, 8, 145),
(335, 8, 183),
(336, 8, 155),
(337, 8, 46),
(338, 8, 157),
(339, 8, 163),
(340, 8, 50),
(341, 8, 186),
(342, 8, 189),
(343, 8, 64),
(344, 8, 36),
(345, 9, 17),
(346, 9, 32),
(347, 9, 203),
(348, 9, 65),
(349, 9, 35),
(350, 9, 27),
(351, 9, 48),
(352, 9, 26),
(353, 9, 18),
(354, 9, 41),
(355, 9, 33),
(356, 9, 37),
(357, 9, 34),
(358, 9, 44),
(359, 9, 45),
(360, 9, 22),
(361, 9, 58),
(362, 9, 59),
(363, 9, 6),
(364, 9, 49),
(365, 9, 204),
(366, 9, 24),
(367, 9, 54),
(368, 9, 4),
(369, 9, 29),
(370, 9, 19),
(371, 9, 3),
(372, 9, 47),
(373, 9, 1),
(374, 9, 31),
(375, 9, 20),
(376, 9, 56),
(377, 9, 21),
(378, 9, 40),
(379, 9, 42),
(380, 9, 5),
(381, 9, 9),
(382, 9, 8),
(383, 9, 67),
(384, 9, 205),
(385, 9, 2),
(386, 9, 25),
(387, 9, 61),
(388, 9, 66),
(389, 9, 57),
(390, 9, 63),
(391, 9, 28),
(392, 9, 15),
(393, 9, 38),
(394, 9, 43),
(395, 9, 55),
(396, 9, 62),
(397, 9, 60),
(398, 9, 12),
(399, 9, 7),
(400, 9, 14),
(401, 9, 16),
(402, 9, 39),
(403, 9, 51),
(404, 9, 11),
(405, 9, 52),
(406, 9, 13),
(407, 9, 23),
(408, 9, 46),
(409, 9, 10),
(410, 9, 53),
(411, 9, 202),
(412, 9, 70),
(413, 9, 50),
(414, 9, 30),
(415, 9, 64),
(416, 9, 36),
(417, 10, 17),
(418, 10, 207),
(419, 10, 32),
(420, 10, 203),
(421, 10, 213),
(422, 10, 65),
(423, 10, 27),
(424, 10, 84),
(425, 10, 214),
(426, 10, 18),
(427, 10, 41),
(428, 10, 77),
(429, 10, 37),
(430, 10, 216),
(431, 10, 44),
(432, 10, 58),
(433, 10, 210),
(434, 10, 59),
(435, 10, 6),
(436, 10, 204),
(437, 10, 208),
(438, 10, 24),
(439, 10, 94),
(440, 10, 29),
(441, 10, 19),
(442, 10, 3),
(443, 10, 225),
(444, 10, 47),
(445, 10, 223),
(446, 10, 1),
(447, 10, 211),
(448, 10, 93),
(449, 10, 91),
(450, 10, 31),
(451, 10, 20),
(452, 10, 56),
(453, 10, 76),
(454, 10, 40),
(455, 10, 42),
(456, 10, 67),
(457, 10, 95),
(458, 10, 83),
(459, 10, 217),
(460, 10, 209),
(461, 10, 2),
(462, 10, 25),
(463, 10, 220),
(464, 10, 66),
(465, 10, 92),
(466, 10, 57),
(467, 10, 63),
(468, 10, 69),
(469, 10, 38),
(470, 10, 212),
(471, 10, 43),
(472, 10, 55),
(473, 10, 62),
(474, 10, 219),
(475, 10, 103),
(476, 10, 100),
(477, 10, 221),
(478, 10, 89),
(479, 10, 16),
(480, 10, 218),
(481, 10, 215),
(482, 10, 224),
(483, 10, 107),
(484, 10, 23),
(485, 10, 222),
(486, 10, 75),
(487, 10, 90),
(488, 10, 50),
(489, 10, 64),
(490, 10, 206),
(491, 10, 36),
(492, 11, 17),
(493, 11, 82),
(494, 11, 86),
(495, 11, 32),
(496, 11, 65),
(497, 11, 79),
(498, 11, 27),
(499, 11, 72),
(500, 11, 84),
(501, 11, 96),
(502, 11, 18),
(503, 11, 87),
(504, 11, 41),
(505, 11, 77),
(506, 11, 37),
(507, 11, 71),
(508, 11, 44),
(509, 11, 78),
(510, 11, 80),
(511, 11, 59),
(512, 11, 6),
(513, 11, 24),
(514, 11, 105),
(515, 11, 94),
(516, 11, 98),
(517, 11, 104),
(518, 11, 97),
(519, 11, 29),
(520, 11, 88),
(521, 11, 85),
(522, 11, 93),
(523, 11, 1),
(524, 11, 91),
(525, 11, 31),
(526, 11, 20),
(527, 11, 56),
(528, 11, 76),
(529, 11, 40),
(530, 11, 42),
(531, 11, 106),
(532, 11, 83),
(533, 11, 95),
(534, 11, 25),
(535, 11, 2),
(536, 11, 92),
(537, 11, 66),
(538, 11, 101),
(539, 11, 69),
(540, 11, 228),
(541, 11, 38),
(542, 11, 226),
(543, 11, 74),
(544, 11, 43),
(545, 11, 103),
(546, 11, 229),
(547, 11, 100),
(548, 11, 89),
(549, 11, 16),
(550, 11, 73),
(551, 11, 23),
(552, 11, 107),
(553, 11, 75),
(554, 11, 81),
(555, 11, 90),
(556, 11, 70),
(557, 11, 99),
(558, 11, 227),
(559, 11, 64),
(560, 11, 36),
(561, 12, 17),
(562, 12, 127),
(563, 12, 172),
(564, 12, 120),
(565, 12, 114),
(566, 12, 234),
(567, 12, 112),
(568, 12, 32),
(569, 12, 140),
(570, 12, 141),
(571, 12, 35),
(572, 12, 65),
(573, 12, 123),
(574, 12, 144),
(575, 12, 27),
(576, 12, 143),
(577, 12, 108),
(578, 12, 125),
(579, 12, 18),
(580, 12, 117),
(581, 12, 115),
(582, 12, 37),
(583, 12, 110),
(584, 12, 233),
(585, 12, 34),
(586, 12, 44),
(587, 12, 58),
(588, 12, 94),
(589, 12, 173),
(590, 12, 29),
(591, 12, 122),
(592, 12, 109),
(593, 12, 126),
(594, 12, 230),
(595, 12, 93),
(596, 12, 31),
(597, 12, 231),
(598, 12, 135),
(599, 12, 161),
(600, 12, 156),
(601, 12, 119),
(602, 12, 95),
(603, 12, 185),
(604, 12, 128),
(605, 12, 124),
(606, 12, 92),
(607, 12, 142),
(608, 12, 113),
(609, 12, 28),
(610, 12, 38),
(611, 12, 118),
(612, 12, 43),
(613, 12, 111),
(614, 12, 184),
(615, 12, 129),
(616, 12, 39),
(617, 12, 51),
(618, 12, 145),
(619, 12, 183),
(620, 12, 116),
(621, 12, 157),
(622, 12, 90),
(623, 12, 232),
(624, 12, 30),
(625, 12, 64),
(626, 12, 121),
(627, 12, 36),
(628, 13, 138),
(629, 13, 127),
(630, 13, 17),
(631, 13, 172),
(632, 13, 32),
(633, 13, 197),
(634, 13, 140),
(635, 13, 245),
(636, 13, 239),
(637, 13, 65),
(638, 13, 27),
(639, 13, 143),
(640, 13, 108),
(641, 13, 48),
(642, 13, 117),
(643, 13, 190),
(644, 13, 248),
(645, 13, 236),
(646, 13, 115),
(647, 13, 33),
(648, 13, 110),
(649, 13, 198),
(650, 13, 44),
(651, 13, 45),
(652, 13, 247),
(653, 13, 238),
(654, 13, 173),
(655, 13, 29),
(656, 13, 126),
(657, 13, 47),
(658, 13, 159),
(659, 13, 93),
(660, 13, 91),
(661, 13, 31),
(662, 13, 231),
(663, 13, 156),
(664, 13, 246),
(665, 13, 235),
(666, 13, 128),
(667, 13, 158),
(668, 13, 66),
(669, 13, 142),
(670, 13, 177),
(671, 13, 28),
(672, 13, 179),
(673, 13, 241),
(674, 13, 43),
(675, 13, 184),
(676, 13, 129),
(677, 13, 240),
(678, 13, 165),
(679, 13, 183),
(680, 13, 116),
(681, 13, 242),
(682, 13, 46),
(683, 13, 90),
(684, 13, 244),
(685, 13, 163),
(686, 13, 232),
(687, 13, 243),
(688, 13, 30),
(689, 13, 64),
(690, 13, 237),
(691, 14, 138),
(692, 14, 17),
(693, 14, 172),
(694, 14, 120),
(695, 14, 32),
(696, 14, 112),
(697, 14, 197),
(698, 14, 140),
(699, 14, 141),
(700, 14, 65),
(701, 14, 27),
(702, 14, 143),
(703, 14, 108),
(704, 14, 117),
(705, 14, 18),
(706, 14, 175),
(707, 14, 253),
(708, 14, 254),
(709, 14, 33),
(710, 14, 34),
(711, 14, 44),
(712, 14, 257),
(713, 14, 58),
(714, 14, 49),
(715, 14, 94),
(716, 14, 173),
(717, 14, 29),
(718, 14, 174),
(719, 14, 126),
(720, 14, 159),
(721, 14, 47),
(722, 14, 31),
(723, 14, 91),
(724, 14, 182),
(725, 14, 250),
(726, 14, 256),
(727, 14, 161),
(728, 14, 119),
(729, 14, 95),
(730, 14, 251),
(731, 14, 185),
(732, 14, 128),
(733, 14, 252),
(734, 14, 66),
(735, 14, 57),
(736, 14, 113),
(737, 14, 177),
(738, 14, 179),
(739, 14, 241),
(740, 14, 118),
(741, 14, 43),
(742, 14, 129),
(743, 14, 176),
(744, 14, 196),
(745, 14, 51),
(746, 14, 137),
(747, 14, 116),
(748, 14, 46),
(749, 14, 255),
(750, 14, 90),
(751, 14, 163),
(752, 14, 232),
(753, 14, 30),
(754, 14, 249),
(755, 14, 64),
(756, 15, 275),
(757, 15, 276),
(758, 15, 271),
(759, 15, 272),
(760, 15, 270),
(761, 15, 273),
(762, 15, 259),
(763, 15, 260),
(764, 15, 263),
(765, 15, 261),
(766, 15, 258),
(767, 15, 266),
(768, 15, 269),
(769, 15, 274),
(770, 15, 267),
(771, 15, 265),
(772, 15, 262),
(773, 15, 268),
(774, 15, 264),
(775, 16, 17),
(776, 16, 207),
(777, 16, 298),
(778, 16, 309),
(779, 16, 112),
(780, 16, 287),
(781, 16, 281),
(782, 16, 278),
(783, 16, 65),
(784, 16, 27),
(785, 16, 295),
(786, 16, 296),
(787, 16, 294),
(788, 16, 26),
(789, 16, 18),
(790, 16, 307),
(791, 16, 306),
(792, 16, 280),
(793, 16, 304),
(794, 16, 33),
(795, 16, 34),
(796, 16, 44),
(797, 16, 257),
(798, 16, 277),
(799, 16, 301),
(800, 16, 58),
(801, 16, 49),
(802, 16, 6),
(803, 16, 283),
(804, 16, 94),
(805, 16, 284),
(806, 16, 292),
(807, 16, 303),
(808, 16, 29),
(809, 16, 19),
(810, 16, 282),
(811, 16, 47),
(812, 16, 1),
(813, 16, 91),
(814, 16, 293),
(815, 16, 20),
(816, 16, 56),
(817, 16, 256),
(818, 16, 291),
(819, 16, 67),
(820, 16, 83),
(821, 16, 95),
(822, 16, 185),
(823, 16, 2),
(824, 16, 286),
(825, 16, 68),
(826, 16, 300),
(827, 16, 66),
(828, 16, 302),
(829, 16, 57),
(830, 16, 308),
(831, 16, 288),
(832, 16, 279),
(833, 16, 289),
(834, 16, 43),
(835, 16, 55),
(836, 16, 285),
(837, 16, 16),
(838, 16, 51),
(839, 16, 290),
(840, 16, 46),
(841, 16, 75),
(842, 16, 202),
(843, 16, 163),
(844, 16, 297),
(845, 16, 305),
(846, 16, 70),
(847, 16, 30),
(848, 16, 299),
(849, 16, 64),
(850, 17, 17),
(851, 17, 138),
(852, 17, 127),
(853, 17, 172),
(854, 17, 32),
(855, 17, 112),
(856, 17, 312),
(857, 17, 140),
(858, 17, 239),
(859, 17, 141),
(860, 17, 35),
(861, 17, 65),
(862, 17, 144),
(863, 17, 27),
(864, 17, 143),
(865, 17, 108),
(866, 17, 48),
(867, 17, 117),
(868, 17, 190),
(869, 17, 187),
(870, 17, 236),
(871, 17, 115),
(872, 17, 33),
(873, 17, 311),
(874, 17, 110),
(875, 17, 44),
(876, 17, 45),
(877, 17, 238),
(878, 17, 49),
(879, 17, 94),
(880, 17, 29),
(881, 17, 174),
(882, 17, 126),
(883, 17, 47),
(884, 17, 159),
(885, 17, 93),
(886, 17, 91),
(887, 17, 31),
(888, 17, 193),
(889, 17, 188),
(890, 17, 310),
(891, 17, 156),
(892, 17, 95),
(893, 17, 235),
(894, 17, 128),
(895, 17, 158),
(896, 17, 313),
(897, 17, 142),
(898, 17, 177),
(899, 17, 28),
(900, 17, 179),
(901, 17, 241),
(902, 17, 38),
(903, 17, 43),
(904, 17, 184),
(905, 17, 129),
(906, 17, 240),
(907, 17, 196),
(908, 17, 51),
(909, 17, 137),
(910, 17, 145),
(911, 17, 183),
(912, 17, 116),
(913, 17, 242),
(914, 17, 46),
(915, 17, 90),
(916, 17, 163),
(917, 17, 186),
(918, 17, 30),
(919, 17, 64),
(920, 17, 237),
(921, 17, 36),
(922, 18, 138),
(923, 18, 17),
(924, 18, 316),
(925, 18, 120),
(926, 18, 234),
(927, 18, 317),
(928, 18, 32),
(929, 18, 112),
(930, 18, 162),
(931, 18, 140),
(932, 18, 141),
(933, 18, 35),
(934, 18, 65),
(935, 18, 314),
(936, 18, 319),
(937, 18, 27),
(938, 18, 143),
(939, 18, 108),
(940, 18, 48),
(941, 18, 168),
(942, 18, 117),
(943, 18, 148),
(944, 18, 315),
(945, 18, 149),
(946, 18, 34),
(947, 18, 110),
(948, 18, 44),
(949, 18, 45),
(950, 18, 166),
(951, 18, 49),
(952, 18, 150),
(953, 18, 94),
(954, 18, 154),
(955, 18, 29),
(956, 18, 167),
(957, 18, 126),
(958, 18, 47),
(959, 18, 230),
(960, 18, 159),
(961, 18, 93),
(962, 18, 147),
(963, 18, 31),
(964, 18, 146),
(965, 18, 161),
(966, 18, 156),
(967, 18, 119),
(968, 18, 151),
(969, 18, 95),
(970, 18, 160),
(971, 18, 158),
(972, 18, 66),
(973, 18, 320),
(974, 18, 113),
(975, 18, 179),
(976, 18, 241),
(977, 18, 153),
(978, 18, 38),
(979, 18, 118),
(980, 18, 43),
(981, 18, 129),
(982, 18, 176),
(983, 18, 318),
(984, 18, 51),
(985, 18, 165),
(986, 18, 137),
(987, 18, 152),
(988, 18, 116),
(989, 18, 155),
(990, 18, 46),
(991, 18, 90),
(992, 18, 157),
(993, 18, 163),
(994, 18, 30),
(995, 18, 64),
(996, 18, 36),
(997, 19, 17),
(998, 19, 172),
(999, 19, 120),
(1000, 19, 114),
(1001, 19, 321),
(1002, 19, 234),
(1003, 19, 32),
(1004, 19, 112),
(1005, 19, 65),
(1006, 19, 35),
(1007, 19, 27),
(1008, 19, 108),
(1009, 19, 117),
(1010, 19, 18),
(1011, 19, 148),
(1012, 19, 331),
(1013, 19, 328),
(1014, 19, 326),
(1015, 19, 115),
(1016, 19, 324),
(1017, 19, 37),
(1018, 19, 34),
(1019, 19, 233),
(1020, 19, 110),
(1021, 19, 322),
(1022, 19, 44),
(1023, 19, 58),
(1024, 19, 329),
(1025, 19, 94),
(1026, 19, 325),
(1027, 19, 29),
(1028, 19, 109),
(1029, 19, 167),
(1030, 19, 230),
(1031, 19, 93),
(1032, 19, 147),
(1033, 19, 31),
(1034, 19, 146),
(1035, 19, 231),
(1036, 19, 135),
(1037, 19, 161),
(1038, 19, 156),
(1039, 19, 119),
(1040, 19, 151),
(1041, 19, 95),
(1042, 19, 185),
(1043, 19, 66),
(1044, 19, 92),
(1045, 19, 113),
(1046, 19, 28),
(1047, 19, 38),
(1048, 19, 118),
(1049, 19, 134),
(1050, 19, 43),
(1051, 19, 111),
(1052, 19, 184),
(1053, 19, 39),
(1054, 19, 51),
(1055, 19, 183),
(1056, 19, 116),
(1057, 19, 327),
(1058, 19, 323),
(1059, 19, 90),
(1060, 19, 157),
(1061, 19, 232),
(1062, 19, 30),
(1063, 19, 64),
(1064, 19, 330),
(1065, 19, 36),
(1066, 20, 17),
(1067, 20, 207),
(1068, 20, 298),
(1069, 20, 309),
(1070, 20, 112),
(1071, 20, 287),
(1072, 20, 281),
(1073, 20, 278),
(1074, 20, 65),
(1075, 20, 27),
(1076, 20, 295),
(1077, 20, 296),
(1078, 20, 294),
(1079, 20, 26),
(1080, 20, 18),
(1081, 20, 280),
(1082, 20, 304),
(1083, 20, 33),
(1084, 20, 34),
(1085, 20, 44),
(1086, 20, 257),
(1087, 20, 277),
(1088, 20, 301),
(1089, 20, 58),
(1090, 20, 49),
(1091, 20, 6),
(1092, 20, 283),
(1093, 20, 94),
(1094, 20, 332),
(1095, 20, 284),
(1096, 20, 292),
(1097, 20, 303),
(1098, 20, 29),
(1099, 20, 19),
(1100, 20, 282),
(1101, 20, 47),
(1102, 20, 334),
(1103, 20, 1),
(1104, 20, 91),
(1105, 20, 293),
(1106, 20, 20),
(1107, 20, 56),
(1108, 20, 256),
(1109, 20, 291),
(1110, 20, 67),
(1111, 20, 83),
(1112, 20, 95),
(1113, 20, 185),
(1114, 20, 209),
(1115, 20, 2),
(1116, 20, 286),
(1117, 20, 68),
(1118, 20, 300),
(1119, 20, 66),
(1120, 20, 302),
(1121, 20, 57),
(1122, 20, 288),
(1123, 20, 333),
(1124, 20, 279),
(1125, 20, 289),
(1126, 20, 43),
(1127, 20, 55),
(1128, 20, 285),
(1129, 20, 16),
(1130, 20, 51),
(1131, 20, 290),
(1132, 20, 46),
(1133, 20, 75),
(1134, 20, 202),
(1135, 20, 163),
(1136, 20, 297),
(1137, 20, 70),
(1138, 20, 30),
(1139, 20, 64),
(1140, 20, 299),
(1141, 21, 17),
(1142, 21, 32),
(1143, 21, 348),
(1144, 21, 203),
(1145, 21, 358),
(1146, 21, 335),
(1147, 21, 123),
(1148, 21, 65),
(1149, 21, 35),
(1150, 21, 342),
(1151, 21, 27),
(1152, 21, 350),
(1153, 21, 353),
(1154, 21, 84),
(1155, 21, 125),
(1156, 21, 26),
(1157, 21, 18),
(1158, 21, 345),
(1159, 21, 87),
(1160, 21, 340),
(1161, 21, 341),
(1162, 21, 339),
(1163, 21, 336),
(1164, 21, 344),
(1165, 21, 355),
(1166, 21, 44),
(1167, 21, 58),
(1168, 21, 354),
(1169, 21, 94),
(1170, 21, 29),
(1171, 21, 19),
(1172, 21, 352),
(1173, 21, 338),
(1174, 21, 47),
(1175, 21, 1),
(1176, 21, 93),
(1177, 21, 31),
(1178, 21, 56),
(1179, 21, 20),
(1180, 21, 40),
(1181, 21, 310),
(1182, 21, 357),
(1183, 21, 106),
(1184, 21, 351),
(1185, 21, 337),
(1186, 21, 347),
(1187, 21, 83),
(1188, 21, 95),
(1189, 21, 2),
(1190, 21, 124),
(1191, 21, 66),
(1192, 21, 57),
(1193, 21, 288),
(1194, 21, 346),
(1195, 21, 38),
(1196, 21, 43),
(1197, 21, 343),
(1198, 21, 103),
(1199, 21, 285),
(1200, 21, 100),
(1201, 21, 39),
(1202, 21, 356),
(1203, 21, 16),
(1204, 21, 51),
(1205, 21, 75),
(1206, 21, 349),
(1207, 21, 90),
(1208, 21, 359),
(1209, 21, 305),
(1210, 21, 163),
(1211, 21, 50),
(1212, 21, 30),
(1213, 21, 64),
(1214, 21, 36),
(1215, 22, 369),
(1216, 22, 207),
(1217, 22, 17),
(1218, 22, 363),
(1219, 22, 376),
(1220, 22, 32),
(1221, 22, 366),
(1222, 22, 379),
(1223, 22, 35),
(1224, 22, 65),
(1225, 22, 27),
(1226, 22, 367),
(1227, 22, 387),
(1228, 22, 117),
(1229, 22, 87),
(1230, 22, 386),
(1231, 22, 33),
(1232, 22, 385),
(1233, 22, 37),
(1234, 22, 34),
(1235, 22, 44),
(1236, 22, 257),
(1237, 22, 364),
(1238, 22, 277),
(1239, 22, 365),
(1240, 22, 382),
(1241, 22, 375),
(1242, 22, 371),
(1243, 22, 94),
(1244, 22, 29),
(1245, 22, 19),
(1246, 22, 380),
(1247, 22, 383),
(1248, 22, 338),
(1249, 22, 1),
(1250, 22, 381),
(1251, 22, 91),
(1252, 22, 31),
(1253, 22, 20),
(1254, 22, 56),
(1255, 22, 390),
(1256, 22, 310),
(1257, 22, 378),
(1258, 22, 377),
(1259, 22, 372),
(1260, 22, 106),
(1261, 22, 67),
(1262, 22, 95),
(1263, 22, 83),
(1264, 22, 185),
(1265, 22, 2),
(1266, 22, 373),
(1267, 22, 389),
(1268, 22, 66),
(1269, 22, 228),
(1270, 22, 38),
(1271, 22, 111),
(1272, 22, 43),
(1273, 22, 360),
(1274, 22, 184),
(1275, 22, 60),
(1276, 22, 362),
(1277, 22, 368),
(1278, 22, 285),
(1279, 22, 384),
(1280, 22, 39),
(1281, 22, 51),
(1282, 22, 370),
(1283, 22, 90),
(1284, 22, 361),
(1285, 22, 374),
(1286, 22, 388),
(1287, 22, 30),
(1288, 22, 64),
(1289, 22, 36),
(1290, 23, 17),
(1291, 23, 234),
(1292, 23, 32),
(1293, 23, 392),
(1294, 23, 358),
(1295, 23, 335),
(1296, 23, 35),
(1297, 23, 65),
(1298, 23, 342),
(1299, 23, 27),
(1300, 23, 48),
(1301, 23, 26),
(1302, 23, 18),
(1303, 23, 345),
(1304, 23, 87),
(1305, 23, 340),
(1306, 23, 341),
(1307, 23, 339),
(1308, 23, 336),
(1309, 23, 37),
(1310, 23, 344),
(1311, 23, 44),
(1312, 23, 45),
(1313, 23, 49),
(1314, 23, 396),
(1315, 23, 94),
(1316, 23, 395),
(1317, 23, 29),
(1318, 23, 19),
(1319, 23, 352),
(1320, 23, 338),
(1321, 23, 47),
(1322, 23, 1),
(1323, 23, 93),
(1324, 23, 31),
(1325, 23, 56),
(1326, 23, 20),
(1327, 23, 40),
(1328, 23, 398),
(1329, 23, 310),
(1330, 23, 393),
(1331, 23, 399),
(1332, 23, 106),
(1333, 23, 337),
(1334, 23, 347),
(1335, 23, 83),
(1336, 23, 95),
(1337, 23, 2),
(1338, 23, 400),
(1339, 23, 92),
(1340, 23, 288),
(1341, 23, 397),
(1342, 23, 346),
(1343, 23, 38),
(1344, 23, 111),
(1345, 23, 43),
(1346, 23, 343),
(1347, 23, 285),
(1348, 23, 100),
(1349, 23, 394),
(1350, 23, 391),
(1351, 23, 16),
(1352, 23, 39),
(1353, 23, 51),
(1354, 23, 46),
(1355, 23, 75),
(1356, 23, 349),
(1357, 23, 90),
(1358, 23, 305),
(1359, 23, 232),
(1360, 23, 163),
(1361, 23, 50),
(1362, 23, 30),
(1363, 23, 64),
(1364, 23, 36),
(1365, 24, 17),
(1366, 24, 32),
(1367, 24, 112),
(1368, 24, 132),
(1369, 24, 35),
(1370, 24, 65),
(1371, 24, 123),
(1372, 24, 27),
(1373, 24, 26),
(1374, 24, 117),
(1375, 24, 18),
(1376, 24, 87),
(1377, 24, 401),
(1378, 24, 41),
(1379, 24, 336),
(1380, 24, 37),
(1381, 24, 34),
(1382, 24, 410),
(1383, 24, 133),
(1384, 24, 44),
(1385, 24, 131),
(1386, 24, 404),
(1387, 24, 365),
(1388, 24, 58),
(1389, 24, 204),
(1390, 24, 6),
(1391, 24, 24),
(1392, 24, 94),
(1393, 24, 130),
(1394, 24, 29),
(1395, 24, 352),
(1396, 24, 3),
(1397, 24, 338),
(1398, 24, 1),
(1399, 24, 93),
(1400, 24, 31),
(1401, 24, 20),
(1402, 24, 56),
(1403, 24, 256),
(1404, 24, 40),
(1405, 24, 42),
(1406, 24, 188),
(1407, 24, 409),
(1408, 24, 310),
(1409, 24, 403),
(1410, 24, 106),
(1411, 24, 337),
(1412, 24, 95),
(1413, 24, 185),
(1414, 24, 402),
(1415, 24, 2),
(1416, 24, 25),
(1417, 24, 68),
(1418, 24, 407),
(1419, 24, 124),
(1420, 24, 92),
(1421, 24, 66),
(1422, 24, 57),
(1423, 24, 228),
(1424, 24, 38),
(1425, 24, 43),
(1426, 24, 360),
(1427, 24, 184),
(1428, 24, 100),
(1429, 24, 356),
(1430, 24, 51),
(1431, 24, 405),
(1432, 24, 23),
(1433, 24, 90),
(1434, 24, 408),
(1435, 24, 406),
(1436, 24, 70),
(1437, 24, 64),
(1438, 24, 36),
(1439, 25, 17),
(1440, 25, 82),
(1441, 25, 86),
(1442, 25, 32),
(1443, 25, 65),
(1444, 25, 79),
(1445, 25, 27),
(1446, 25, 72),
(1447, 25, 84),
(1448, 25, 96),
(1449, 25, 18),
(1450, 25, 87),
(1451, 25, 41),
(1452, 25, 77),
(1453, 25, 412),
(1454, 25, 37),
(1455, 25, 71),
(1456, 25, 44),
(1457, 25, 78),
(1458, 25, 58),
(1459, 25, 80),
(1460, 25, 24),
(1461, 25, 94),
(1462, 25, 97),
(1463, 25, 29),
(1464, 25, 88),
(1465, 25, 85),
(1466, 25, 93),
(1467, 25, 91),
(1468, 25, 31),
(1469, 25, 413),
(1470, 25, 20),
(1471, 25, 56),
(1472, 25, 76),
(1473, 25, 40),
(1474, 25, 42),
(1475, 25, 106),
(1476, 25, 83),
(1477, 25, 95),
(1478, 25, 25),
(1479, 25, 2),
(1480, 25, 92),
(1481, 25, 66),
(1482, 25, 414),
(1483, 25, 38),
(1484, 25, 74),
(1485, 25, 43),
(1486, 25, 100),
(1487, 25, 89),
(1488, 25, 16),
(1489, 25, 73),
(1490, 25, 411),
(1491, 25, 23),
(1492, 25, 75),
(1493, 25, 81),
(1494, 25, 90),
(1495, 25, 64),
(1496, 25, 36),
(1497, 27, 17),
(1498, 27, 234),
(1499, 27, 32),
(1500, 27, 392),
(1501, 27, 358),
(1502, 27, 335),
(1503, 27, 35),
(1504, 27, 65),
(1505, 27, 342),
(1506, 27, 27),
(1507, 27, 48),
(1508, 27, 26),
(1509, 27, 18),
(1510, 27, 345),
(1511, 27, 87),
(1512, 27, 340),
(1513, 27, 341),
(1514, 27, 339),
(1515, 27, 336),
(1516, 27, 37),
(1517, 27, 344),
(1518, 27, 44),
(1519, 27, 45),
(1520, 27, 49),
(1521, 27, 396),
(1522, 27, 94),
(1523, 27, 395),
(1524, 27, 29),
(1525, 27, 19),
(1526, 27, 352),
(1527, 27, 338),
(1528, 27, 47),
(1529, 27, 1),
(1530, 27, 93),
(1531, 27, 31),
(1532, 27, 56),
(1533, 27, 20),
(1534, 27, 40),
(1535, 27, 398),
(1536, 27, 310),
(1537, 27, 393),
(1538, 27, 399),
(1539, 27, 106),
(1540, 27, 337),
(1541, 27, 347),
(1542, 27, 83),
(1543, 27, 95),
(1544, 27, 2),
(1545, 27, 400),
(1546, 27, 92),
(1547, 27, 288),
(1548, 27, 397),
(1549, 27, 346),
(1550, 27, 38),
(1551, 27, 111),
(1552, 27, 43),
(1553, 27, 343),
(1554, 27, 285),
(1555, 27, 100),
(1556, 27, 394),
(1557, 27, 391),
(1558, 27, 16),
(1559, 27, 39),
(1560, 27, 51),
(1561, 27, 46),
(1562, 27, 75),
(1563, 27, 349),
(1564, 27, 90),
(1565, 27, 305),
(1566, 27, 232),
(1567, 27, 163),
(1568, 27, 50),
(1569, 27, 30),
(1570, 27, 64),
(1571, 27, 36),
(1572, 28, 17),
(1573, 28, 82),
(1574, 28, 86),
(1575, 28, 32),
(1576, 28, 65),
(1577, 28, 79),
(1578, 28, 27),
(1579, 28, 72),
(1580, 28, 84),
(1581, 28, 96),
(1582, 28, 18),
(1583, 28, 87),
(1584, 28, 41),
(1585, 28, 77),
(1586, 28, 37),
(1587, 28, 71),
(1588, 28, 44),
(1589, 28, 78),
(1590, 28, 80),
(1591, 28, 6),
(1592, 28, 24),
(1593, 28, 94),
(1594, 28, 98),
(1595, 28, 97),
(1596, 28, 29),
(1597, 28, 88),
(1598, 28, 85),
(1599, 28, 93),
(1600, 28, 1),
(1601, 28, 91),
(1602, 28, 31),
(1603, 28, 20),
(1604, 28, 76),
(1605, 28, 40),
(1606, 28, 42),
(1607, 28, 83),
(1608, 28, 95),
(1609, 28, 25),
(1610, 28, 2),
(1611, 28, 68),
(1612, 28, 92),
(1613, 28, 66),
(1614, 28, 101),
(1615, 28, 69),
(1616, 28, 38),
(1617, 28, 226),
(1618, 28, 74),
(1619, 28, 43),
(1620, 28, 100),
(1621, 28, 89),
(1622, 28, 16),
(1623, 28, 73),
(1624, 28, 23),
(1625, 28, 75),
(1626, 28, 81),
(1627, 28, 90),
(1628, 28, 99),
(1629, 28, 415),
(1630, 28, 64),
(1631, 28, 36),
(1632, 29, 17),
(1633, 29, 234),
(1634, 29, 32),
(1635, 29, 348),
(1636, 29, 358),
(1637, 29, 335),
(1638, 29, 123),
(1639, 29, 132),
(1640, 29, 35),
(1641, 29, 65),
(1642, 29, 342),
(1643, 29, 27),
(1644, 29, 350),
(1645, 29, 48),
(1646, 29, 136),
(1647, 29, 26),
(1648, 29, 18),
(1649, 29, 345),
(1650, 29, 87),
(1651, 29, 340),
(1652, 29, 341),
(1653, 29, 339),
(1654, 29, 336),
(1655, 29, 37),
(1656, 29, 344),
(1657, 29, 133),
(1658, 29, 131),
(1659, 29, 44),
(1660, 29, 45),
(1661, 29, 49),
(1662, 29, 94),
(1663, 29, 130),
(1664, 29, 29),
(1665, 29, 19),
(1666, 29, 338),
(1667, 29, 47),
(1668, 29, 1),
(1669, 29, 93),
(1670, 29, 31),
(1671, 29, 56),
(1672, 29, 20),
(1673, 29, 40),
(1674, 29, 310),
(1675, 29, 106),
(1676, 29, 351),
(1677, 29, 337),
(1678, 29, 347),
(1679, 29, 83),
(1680, 29, 95),
(1681, 29, 2),
(1682, 29, 92),
(1683, 29, 346),
(1684, 29, 38),
(1685, 29, 111),
(1686, 29, 43),
(1687, 29, 343),
(1688, 29, 103),
(1689, 29, 285),
(1690, 29, 100),
(1691, 29, 51),
(1692, 29, 46),
(1693, 29, 349),
(1694, 29, 90),
(1695, 29, 305),
(1696, 29, 163),
(1697, 29, 50),
(1698, 29, 416),
(1699, 29, 30),
(1700, 29, 64),
(1701, 29, 36),
(1702, 30, 207),
(1703, 30, 17),
(1704, 30, 82),
(1705, 30, 86),
(1706, 30, 417),
(1707, 30, 32),
(1708, 30, 203),
(1709, 30, 65),
(1710, 30, 79),
(1711, 30, 27),
(1712, 30, 72),
(1713, 30, 84),
(1714, 30, 96),
(1715, 30, 18),
(1716, 30, 87),
(1717, 30, 41),
(1718, 30, 77),
(1719, 30, 412),
(1720, 30, 37),
(1721, 30, 71),
(1722, 30, 44),
(1723, 30, 78),
(1724, 30, 58),
(1725, 30, 80),
(1726, 30, 6),
(1727, 30, 24),
(1728, 30, 94),
(1729, 30, 98),
(1730, 30, 97),
(1731, 30, 29),
(1732, 30, 88),
(1733, 30, 85),
(1734, 30, 93),
(1735, 30, 1),
(1736, 30, 91),
(1737, 30, 31),
(1738, 30, 20),
(1739, 30, 76),
(1740, 30, 40),
(1741, 30, 42),
(1742, 30, 67),
(1743, 30, 83),
(1744, 30, 95),
(1745, 30, 25),
(1746, 30, 2),
(1747, 30, 68),
(1748, 30, 66),
(1749, 30, 92),
(1750, 30, 69),
(1751, 30, 38),
(1752, 30, 226),
(1753, 30, 74),
(1754, 30, 43),
(1755, 30, 100),
(1756, 30, 89),
(1757, 30, 16),
(1758, 30, 73),
(1759, 30, 411),
(1760, 30, 23),
(1761, 30, 75),
(1762, 30, 81),
(1763, 30, 90),
(1764, 30, 99),
(1765, 30, 64),
(1766, 30, 36),
(1767, 31, 17),
(1768, 31, 234),
(1769, 31, 32),
(1770, 31, 348),
(1771, 31, 358),
(1772, 31, 335),
(1773, 31, 123),
(1774, 31, 132),
(1775, 31, 35),
(1776, 31, 65),
(1777, 31, 342),
(1778, 31, 27),
(1779, 31, 350),
(1780, 31, 48),
(1781, 31, 136),
(1782, 31, 26),
(1783, 31, 18),
(1784, 31, 345),
(1785, 31, 87),
(1786, 31, 340),
(1787, 31, 341),
(1788, 31, 339),
(1789, 31, 336),
(1790, 31, 37),
(1791, 31, 344),
(1792, 31, 133),
(1793, 31, 131),
(1794, 31, 44),
(1795, 31, 45),
(1796, 31, 49),
(1797, 31, 94),
(1798, 31, 130),
(1799, 31, 29),
(1800, 31, 19),
(1801, 31, 338),
(1802, 31, 47),
(1803, 31, 1),
(1804, 31, 93),
(1805, 31, 31),
(1806, 31, 56),
(1807, 31, 20),
(1808, 31, 40),
(1809, 31, 310),
(1810, 31, 106),
(1811, 31, 351),
(1812, 31, 337),
(1813, 31, 347),
(1814, 31, 83),
(1815, 31, 95),
(1816, 31, 2),
(1817, 31, 92),
(1818, 31, 346),
(1819, 31, 38),
(1820, 31, 111),
(1821, 31, 43),
(1822, 31, 343),
(1823, 31, 103),
(1824, 31, 285),
(1825, 31, 100),
(1826, 31, 51),
(1827, 31, 46),
(1828, 31, 349),
(1829, 31, 90),
(1830, 31, 305),
(1831, 31, 163),
(1832, 31, 50),
(1833, 31, 416),
(1834, 31, 30),
(1835, 31, 64),
(1836, 31, 36),
(1837, 32, 17),
(1838, 32, 32),
(1839, 32, 392),
(1840, 32, 335),
(1841, 32, 35),
(1842, 32, 65),
(1843, 32, 342),
(1844, 32, 27),
(1845, 32, 353),
(1846, 32, 48),
(1847, 32, 420),
(1848, 32, 26),
(1849, 32, 18),
(1850, 32, 345),
(1851, 32, 87),
(1852, 32, 340),
(1853, 32, 341),
(1854, 32, 339),
(1855, 32, 336),
(1856, 32, 37),
(1857, 32, 344),
(1858, 32, 44),
(1859, 32, 45),
(1860, 32, 49),
(1861, 32, 94),
(1862, 32, 29),
(1863, 32, 19),
(1864, 32, 352),
(1865, 32, 338),
(1866, 32, 47),
(1867, 32, 1),
(1868, 32, 93),
(1869, 32, 31),
(1870, 32, 418),
(1871, 32, 56),
(1872, 32, 20),
(1873, 32, 40),
(1874, 32, 310),
(1875, 32, 393),
(1876, 32, 106),
(1877, 32, 351),
(1878, 32, 337),
(1879, 32, 347),
(1880, 32, 83),
(1881, 32, 95),
(1882, 32, 2),
(1883, 32, 288),
(1884, 32, 346),
(1885, 32, 38),
(1886, 32, 43),
(1887, 32, 343),
(1888, 32, 285),
(1889, 32, 100),
(1890, 32, 394),
(1891, 32, 39),
(1892, 32, 356),
(1893, 32, 391),
(1894, 32, 16),
(1895, 32, 51),
(1896, 32, 46),
(1897, 32, 75),
(1898, 32, 349),
(1899, 32, 90),
(1900, 32, 202),
(1901, 32, 163),
(1902, 32, 305),
(1903, 32, 232),
(1904, 32, 50),
(1905, 32, 70),
(1906, 32, 419),
(1907, 32, 30),
(1908, 32, 64),
(1909, 32, 36),
(1910, 33, 17),
(1911, 33, 234),
(1912, 33, 32),
(1913, 33, 348),
(1914, 33, 335),
(1915, 33, 35),
(1916, 33, 65),
(1917, 33, 123),
(1918, 33, 342),
(1919, 33, 27),
(1920, 33, 421),
(1921, 33, 353),
(1922, 33, 350),
(1923, 33, 48),
(1924, 33, 420),
(1925, 33, 125),
(1926, 33, 26),
(1927, 33, 18),
(1928, 33, 345),
(1929, 33, 87),
(1930, 33, 340),
(1931, 33, 341),
(1932, 33, 339),
(1933, 33, 336),
(1934, 33, 37),
(1935, 33, 410),
(1936, 33, 344),
(1937, 33, 44),
(1938, 33, 45),
(1939, 33, 58),
(1940, 33, 49),
(1941, 33, 94),
(1942, 33, 29),
(1943, 33, 19),
(1944, 33, 352),
(1945, 33, 338),
(1946, 33, 47),
(1947, 33, 1),
(1948, 33, 93),
(1949, 33, 31),
(1950, 33, 56),
(1951, 33, 20),
(1952, 33, 40),
(1953, 33, 310),
(1954, 33, 106),
(1955, 33, 351),
(1956, 33, 337),
(1957, 33, 347),
(1958, 33, 83),
(1959, 33, 95),
(1960, 33, 2),
(1961, 33, 124),
(1962, 33, 92),
(1963, 33, 57),
(1964, 33, 346),
(1965, 33, 38),
(1966, 33, 111),
(1967, 33, 43),
(1968, 33, 343),
(1969, 33, 103),
(1970, 33, 285),
(1971, 33, 100),
(1972, 33, 39),
(1973, 33, 356),
(1974, 33, 51),
(1975, 33, 46),
(1976, 33, 349),
(1977, 33, 90),
(1978, 33, 359),
(1979, 33, 163),
(1980, 33, 305),
(1981, 33, 50),
(1982, 33, 30),
(1983, 33, 64),
(1984, 33, 36),
(1985, 34, 17),
(1986, 34, 82),
(1987, 34, 86),
(1988, 34, 32),
(1989, 34, 65),
(1990, 34, 79),
(1991, 34, 27),
(1992, 34, 72),
(1993, 34, 84),
(1994, 34, 18),
(1995, 34, 87),
(1996, 34, 41),
(1997, 34, 77),
(1998, 34, 37),
(1999, 34, 71),
(2000, 34, 44),
(2001, 34, 78),
(2002, 34, 58),
(2003, 34, 80),
(2004, 34, 24),
(2005, 34, 94),
(2006, 34, 29),
(2007, 34, 88),
(2008, 34, 85),
(2009, 34, 93),
(2010, 34, 1),
(2011, 34, 91),
(2012, 34, 31),
(2013, 34, 76),
(2014, 34, 40),
(2015, 34, 42),
(2016, 34, 83),
(2017, 34, 95),
(2018, 34, 25),
(2019, 34, 92),
(2020, 34, 66),
(2021, 34, 57),
(2022, 34, 38),
(2023, 34, 74),
(2024, 34, 43),
(2025, 34, 89),
(2026, 34, 16),
(2027, 34, 73),
(2028, 34, 23),
(2029, 34, 75),
(2030, 34, 81),
(2031, 34, 90),
(2032, 34, 415),
(2033, 34, 64),
(2034, 34, 36),
(2035, 35, 17),
(2036, 35, 449),
(2037, 35, 112),
(2038, 35, 203),
(2039, 35, 65),
(2040, 35, 35),
(2041, 35, 27),
(2042, 35, 445),
(2043, 35, 423),
(2044, 35, 296),
(2045, 35, 442),
(2046, 35, 425),
(2047, 35, 432),
(2048, 35, 18),
(2049, 35, 438),
(2050, 35, 443),
(2051, 35, 429),
(2052, 35, 428),
(2053, 35, 444),
(2054, 35, 431),
(2055, 35, 71),
(2056, 35, 34),
(2057, 35, 355),
(2058, 35, 44),
(2059, 35, 277),
(2060, 35, 58),
(2061, 35, 24),
(2062, 35, 105),
(2063, 35, 104),
(2064, 35, 94),
(2065, 35, 427),
(2066, 35, 424),
(2067, 35, 29),
(2068, 35, 19),
(2069, 35, 47),
(2070, 35, 1),
(2071, 35, 433),
(2072, 35, 93),
(2073, 35, 31),
(2074, 35, 440),
(2075, 35, 56),
(2076, 35, 40),
(2077, 35, 188),
(2078, 35, 426),
(2079, 35, 436),
(2080, 35, 422),
(2081, 35, 95),
(2082, 35, 435),
(2083, 35, 430),
(2084, 35, 439),
(2085, 35, 2),
(2086, 35, 25),
(2087, 35, 373),
(2088, 35, 68),
(2089, 35, 437),
(2090, 35, 447),
(2091, 35, 66),
(2092, 35, 142),
(2093, 35, 57),
(2094, 35, 38),
(2095, 35, 226),
(2096, 35, 43),
(2097, 35, 55),
(2098, 35, 434),
(2099, 35, 103),
(2100, 35, 100),
(2101, 35, 356),
(2102, 35, 23),
(2103, 35, 448),
(2104, 35, 446),
(2105, 35, 50),
(2106, 35, 441),
(2107, 35, 64),
(2108, 35, 415),
(2109, 35, 36),
(2110, 36, 17),
(2111, 36, 207),
(2112, 36, 403),
(2113, 36, 451),
(2114, 36, 453),
(2115, 36, 106),
(2116, 36, 337),
(2117, 36, 140),
(2118, 36, 402),
(2119, 36, 132),
(2120, 36, 65),
(2121, 36, 123),
(2122, 36, 2),
(2123, 36, 25),
(2124, 36, 407),
(2125, 36, 124),
(2126, 36, 125),
(2127, 36, 456),
(2128, 36, 455),
(2129, 36, 228),
(2130, 36, 87),
(2131, 36, 457),
(2132, 36, 401),
(2133, 36, 41),
(2134, 36, 43),
(2135, 36, 55),
(2136, 36, 360),
(2137, 36, 452),
(2138, 36, 44),
(2139, 36, 100),
(2140, 36, 131),
(2141, 36, 404),
(2142, 36, 365),
(2143, 36, 405),
(2144, 36, 23),
(2145, 36, 352),
(2146, 36, 19),
(2147, 36, 3),
(2148, 36, 338),
(2149, 36, 1),
(2150, 36, 406),
(2151, 36, 20),
(2152, 36, 56),
(2153, 36, 454),
(2154, 36, 450),
(2155, 36, 64),
(2156, 36, 256),
(2157, 36, 40),
(2158, 37, 82),
(2159, 37, 86),
(2160, 37, 417),
(2161, 37, 32),
(2162, 37, 65),
(2163, 37, 79),
(2164, 37, 27),
(2165, 37, 72),
(2166, 37, 84),
(2167, 37, 96),
(2168, 37, 18),
(2169, 37, 87),
(2170, 37, 41),
(2171, 37, 77),
(2172, 37, 412),
(2173, 37, 37),
(2174, 37, 71),
(2175, 37, 44),
(2176, 37, 78),
(2177, 37, 58),
(2178, 37, 80),
(2179, 37, 24),
(2180, 37, 94),
(2181, 37, 97),
(2182, 37, 29),
(2183, 37, 88),
(2184, 37, 85),
(2185, 37, 93),
(2186, 37, 1),
(2187, 37, 91),
(2188, 37, 31),
(2189, 37, 413),
(2190, 37, 20),
(2191, 37, 56),
(2192, 37, 76),
(2193, 37, 40),
(2194, 37, 42),
(2195, 37, 106),
(2196, 37, 436),
(2197, 37, 83),
(2198, 37, 95),
(2199, 37, 25),
(2200, 37, 2),
(2201, 37, 68),
(2202, 37, 92),
(2203, 37, 414),
(2204, 37, 38),
(2205, 37, 226),
(2206, 37, 74),
(2207, 37, 43),
(2208, 37, 100),
(2209, 37, 89),
(2210, 37, 16),
(2211, 37, 73),
(2212, 37, 411),
(2213, 37, 23),
(2214, 37, 75),
(2215, 37, 81),
(2216, 37, 90),
(2217, 37, 202),
(2218, 37, 458),
(2219, 37, 64),
(2220, 37, 36),
(2221, 38, 461),
(2222, 38, 453),
(2223, 38, 449),
(2224, 38, 140),
(2225, 38, 335),
(2226, 38, 65),
(2227, 38, 445),
(2228, 38, 460),
(2229, 38, 423),
(2230, 38, 296),
(2231, 38, 425),
(2232, 38, 432),
(2233, 38, 438),
(2234, 38, 471),
(2235, 38, 87),
(2236, 38, 236),
(2237, 38, 41),
(2238, 38, 431),
(2239, 38, 71),
(2240, 38, 34),
(2241, 38, 44),
(2242, 38, 58),
(2243, 38, 459),
(2244, 38, 24),
(2245, 38, 104),
(2246, 38, 94),
(2247, 38, 97),
(2248, 38, 1),
(2249, 38, 93),
(2250, 38, 467),
(2251, 38, 56),
(2252, 38, 256),
(2253, 38, 188),
(2254, 38, 464),
(2255, 38, 426),
(2256, 38, 106),
(2257, 38, 422),
(2258, 38, 95),
(2259, 38, 466),
(2260, 38, 2),
(2261, 38, 25),
(2262, 38, 68),
(2263, 38, 407),
(2264, 38, 470),
(2265, 38, 66),
(2266, 38, 468),
(2267, 38, 465),
(2268, 38, 463),
(2269, 38, 462),
(2270, 38, 43),
(2271, 38, 55),
(2272, 38, 60),
(2273, 38, 16),
(2274, 38, 23),
(2275, 38, 75),
(2276, 38, 202),
(2277, 38, 70),
(2278, 38, 64),
(2279, 38, 415),
(2280, 38, 469),
(2281, 39, 17),
(2282, 39, 207),
(2283, 39, 309),
(2284, 39, 112),
(2285, 39, 287),
(2286, 39, 281),
(2287, 39, 278),
(2288, 39, 35),
(2289, 39, 65),
(2290, 39, 27),
(2291, 39, 48),
(2292, 39, 26),
(2293, 39, 18),
(2294, 39, 280),
(2295, 39, 33),
(2296, 39, 37),
(2297, 39, 34),
(2298, 39, 44),
(2299, 39, 45),
(2300, 39, 257),
(2301, 39, 277),
(2302, 39, 58),
(2303, 39, 49),
(2304, 39, 6),
(2305, 39, 283),
(2306, 39, 94),
(2307, 39, 332),
(2308, 39, 284),
(2309, 39, 292),
(2310, 39, 29),
(2311, 39, 19),
(2312, 39, 282),
(2313, 39, 47),
(2314, 39, 1),
(2315, 39, 91),
(2316, 39, 31),
(2317, 39, 293),
(2318, 39, 20),
(2319, 39, 56),
(2320, 39, 256),
(2321, 39, 291),
(2322, 39, 83),
(2323, 39, 95),
(2324, 39, 185),
(2325, 39, 209),
(2326, 39, 2),
(2327, 39, 286),
(2328, 39, 92),
(2329, 39, 66),
(2330, 39, 57),
(2331, 39, 288),
(2332, 39, 333),
(2333, 39, 279),
(2334, 39, 38),
(2335, 39, 289),
(2336, 39, 111),
(2337, 39, 43),
(2338, 39, 285),
(2339, 39, 16),
(2340, 39, 51),
(2341, 39, 290),
(2342, 39, 46),
(2343, 39, 75),
(2344, 39, 90),
(2345, 39, 163),
(2346, 39, 30),
(2347, 39, 64),
(2348, 39, 36),
(2349, 40, 17),
(2350, 40, 207),
(2351, 40, 453),
(2352, 40, 309),
(2353, 40, 112),
(2354, 40, 203),
(2355, 40, 287),
(2356, 40, 140),
(2357, 40, 281),
(2358, 40, 278),
(2359, 40, 35),
(2360, 40, 65),
(2361, 40, 27),
(2362, 40, 48),
(2363, 40, 26),
(2364, 40, 18),
(2365, 40, 280),
(2366, 40, 33),
(2367, 40, 37),
(2368, 40, 34),
(2369, 40, 44),
(2370, 40, 45),
(2371, 40, 257),
(2372, 40, 277),
(2373, 40, 58),
(2374, 40, 49),
(2375, 40, 204),
(2376, 40, 6),
(2377, 40, 283),
(2378, 40, 94),
(2379, 40, 332),
(2380, 40, 284),
(2381, 40, 292),
(2382, 40, 29),
(2383, 40, 19),
(2384, 40, 282),
(2385, 40, 47),
(2386, 40, 1),
(2387, 40, 91),
(2388, 40, 31),
(2389, 40, 293),
(2390, 40, 20),
(2391, 40, 56),
(2392, 40, 256),
(2393, 40, 291),
(2394, 40, 67),
(2395, 40, 83),
(2396, 40, 95),
(2397, 40, 185),
(2398, 40, 209),
(2399, 40, 2),
(2400, 40, 286),
(2401, 40, 92),
(2402, 40, 66),
(2403, 40, 57),
(2404, 40, 288),
(2405, 40, 333),
(2406, 40, 279),
(2407, 40, 38),
(2408, 40, 289),
(2409, 40, 111),
(2410, 40, 43),
(2411, 40, 285),
(2412, 40, 16),
(2413, 40, 356),
(2414, 40, 51),
(2415, 40, 290),
(2416, 40, 46),
(2417, 40, 75),
(2418, 40, 472),
(2419, 40, 90),
(2420, 40, 163),
(2421, 40, 30),
(2422, 40, 64),
(2423, 40, 36),
(2424, 41, 207),
(2425, 41, 17),
(2426, 41, 483),
(2427, 41, 234),
(2428, 41, 32),
(2429, 41, 112),
(2430, 41, 203),
(2431, 41, 65),
(2432, 41, 35),
(2433, 41, 27),
(2434, 41, 445),
(2435, 41, 460),
(2436, 41, 96),
(2437, 41, 423),
(2438, 41, 296),
(2439, 41, 432),
(2440, 41, 425),
(2441, 41, 482),
(2442, 41, 476),
(2443, 41, 41),
(2444, 41, 431),
(2445, 41, 37),
(2446, 41, 71),
(2447, 41, 34),
(2448, 41, 44),
(2449, 41, 473),
(2450, 41, 58),
(2451, 41, 459),
(2452, 41, 204),
(2453, 41, 24),
(2454, 41, 94),
(2455, 41, 104),
(2456, 41, 97),
(2457, 41, 29),
(2458, 41, 19),
(2459, 41, 475),
(2460, 41, 93),
(2461, 41, 1),
(2462, 41, 433),
(2463, 41, 31),
(2464, 41, 56),
(2465, 41, 40),
(2466, 41, 42),
(2467, 41, 256),
(2468, 41, 188),
(2469, 41, 481),
(2470, 41, 67),
(2471, 41, 426),
(2472, 41, 436),
(2473, 41, 422),
(2474, 41, 95),
(2475, 41, 435),
(2476, 41, 439),
(2477, 41, 430),
(2478, 41, 25),
(2479, 41, 2),
(2480, 41, 68),
(2481, 41, 407),
(2482, 41, 437),
(2483, 41, 66),
(2484, 41, 226),
(2485, 41, 38),
(2486, 41, 43),
(2487, 41, 477),
(2488, 41, 434),
(2489, 41, 478),
(2490, 41, 480),
(2491, 41, 479),
(2492, 41, 356),
(2493, 41, 23),
(2494, 41, 474),
(2495, 41, 458),
(2496, 41, 64),
(2497, 41, 36),
(2498, 42, 17),
(2499, 42, 506),
(2500, 42, 536),
(2501, 42, 526),
(2502, 42, 517),
(2503, 42, 489),
(2504, 42, 519),
(2505, 42, 112),
(2506, 42, 530),
(2507, 42, 503),
(2508, 42, 65),
(2509, 42, 538),
(2510, 42, 511),
(2511, 42, 27),
(2512, 42, 494),
(2513, 42, 486),
(2514, 42, 535),
(2515, 42, 499),
(2516, 42, 487),
(2517, 42, 515),
(2518, 42, 476),
(2519, 42, 33),
(2520, 42, 531),
(2521, 42, 492),
(2522, 42, 509),
(2523, 42, 44),
(2524, 42, 257),
(2525, 42, 502),
(2526, 42, 521),
(2527, 42, 513),
(2528, 42, 532),
(2529, 42, 529),
(2530, 42, 533),
(2531, 42, 505),
(2532, 42, 93),
(2533, 42, 496),
(2534, 42, 256),
(2535, 42, 534),
(2536, 42, 485),
(2537, 42, 527),
(2538, 42, 501),
(2539, 42, 488),
(2540, 42, 500),
(2541, 42, 484),
(2542, 42, 407),
(2543, 42, 512),
(2544, 42, 66),
(2545, 42, 537),
(2546, 42, 490),
(2547, 42, 28),
(2548, 42, 504),
(2549, 42, 528),
(2550, 42, 491),
(2551, 42, 493),
(2552, 42, 516),
(2553, 42, 495),
(2554, 42, 43),
(2555, 42, 184),
(2556, 42, 368),
(2557, 42, 498),
(2558, 42, 525),
(2559, 42, 51),
(2560, 42, 522),
(2561, 42, 514),
(2562, 42, 518),
(2563, 42, 508),
(2564, 42, 520),
(2565, 42, 474),
(2566, 42, 510),
(2567, 42, 408),
(2568, 42, 524),
(2569, 42, 523),
(2570, 42, 497),
(2571, 42, 507),
(2572, 42, 64),
(2573, 43, 207),
(2574, 43, 582),
(2575, 43, 562),
(2576, 43, 203),
(2577, 43, 581),
(2578, 43, 379),
(2579, 43, 580),
(2580, 43, 65),
(2581, 43, 335),
(2582, 43, 568),
(2583, 43, 578),
(2584, 43, 84),
(2585, 43, 442),
(2586, 43, 18),
(2587, 43, 87),
(2588, 43, 574),
(2589, 43, 558),
(2590, 43, 546),
(2591, 43, 564),
(2592, 43, 579),
(2593, 43, 44),
(2594, 43, 560),
(2595, 43, 565),
(2596, 43, 551),
(2597, 43, 540),
(2598, 43, 58),
(2599, 43, 561),
(2600, 43, 556),
(2601, 43, 567),
(2602, 43, 577),
(2603, 43, 570),
(2604, 43, 547),
(2605, 43, 543),
(2606, 43, 19),
(2607, 43, 555),
(2608, 43, 475),
(2609, 43, 1),
(2610, 43, 541),
(2611, 43, 572),
(2612, 43, 56),
(2613, 43, 20),
(2614, 43, 571),
(2615, 43, 576),
(2616, 43, 550),
(2617, 43, 566),
(2618, 43, 464),
(2619, 43, 539),
(2620, 43, 553),
(2621, 43, 357),
(2622, 43, 106),
(2623, 43, 67),
(2624, 43, 552),
(2625, 43, 554),
(2626, 43, 569),
(2627, 43, 2),
(2628, 43, 542),
(2629, 43, 563),
(2630, 43, 545),
(2631, 43, 573),
(2632, 43, 360),
(2633, 43, 557),
(2634, 43, 285),
(2635, 43, 544),
(2636, 43, 356),
(2637, 43, 16),
(2638, 43, 559),
(2639, 43, 575),
(2640, 43, 75),
(2641, 43, 474),
(2642, 43, 202),
(2643, 43, 549),
(2644, 43, 70),
(2645, 43, 548),
(2646, 44, 207),
(2647, 44, 17),
(2648, 44, 483),
(2649, 44, 234),
(2650, 44, 112),
(2651, 44, 203),
(2652, 44, 65),
(2653, 44, 35),
(2654, 44, 27),
(2655, 44, 445),
(2656, 44, 460),
(2657, 44, 96),
(2658, 44, 423),
(2659, 44, 296),
(2660, 44, 432),
(2661, 44, 425),
(2662, 44, 482),
(2663, 44, 429),
(2664, 44, 428),
(2665, 44, 41),
(2666, 44, 431),
(2667, 44, 564),
(2668, 44, 71),
(2669, 44, 34),
(2670, 44, 44),
(2671, 44, 473),
(2672, 44, 58),
(2673, 44, 459),
(2674, 44, 204),
(2675, 44, 24),
(2676, 44, 94),
(2677, 44, 104),
(2678, 44, 97),
(2679, 44, 427),
(2680, 44, 29),
(2681, 44, 424),
(2682, 44, 19),
(2683, 44, 475),
(2684, 44, 93),
(2685, 44, 1),
(2686, 44, 433),
(2687, 44, 31),
(2688, 44, 56),
(2689, 44, 40),
(2690, 44, 42),
(2691, 44, 188),
(2692, 44, 481),
(2693, 44, 67),
(2694, 44, 426),
(2695, 44, 436),
(2696, 44, 422),
(2697, 44, 95),
(2698, 44, 435),
(2699, 44, 439),
(2700, 44, 430),
(2701, 44, 25),
(2702, 44, 2),
(2703, 44, 68),
(2704, 44, 437),
(2705, 44, 66),
(2706, 44, 226),
(2707, 44, 38),
(2708, 44, 43),
(2709, 44, 477),
(2710, 44, 434),
(2711, 44, 103),
(2712, 44, 478),
(2713, 44, 480),
(2714, 44, 479),
(2715, 44, 356),
(2716, 44, 23),
(2717, 44, 474),
(2718, 44, 458),
(2719, 44, 64),
(2720, 44, 36),
(2721, 45, 17),
(2722, 45, 207),
(2723, 45, 234),
(2724, 45, 32),
(2725, 45, 112),
(2726, 45, 203),
(2727, 45, 287),
(2728, 45, 281),
(2729, 45, 65),
(2730, 45, 35),
(2731, 45, 585),
(2732, 45, 278),
(2733, 45, 27),
(2734, 45, 48),
(2735, 45, 26),
(2736, 45, 18),
(2737, 45, 280),
(2738, 45, 33),
(2739, 45, 336),
(2740, 45, 37),
(2741, 45, 564),
(2742, 45, 34),
(2743, 45, 583),
(2744, 45, 355),
(2745, 45, 44),
(2746, 45, 45),
(2747, 45, 257),
(2748, 45, 277),
(2749, 45, 58),
(2750, 45, 49),
(2751, 45, 283),
(2752, 45, 94),
(2753, 45, 284),
(2754, 45, 29),
(2755, 45, 19),
(2756, 45, 282),
(2757, 45, 47),
(2758, 45, 475),
(2759, 45, 1),
(2760, 45, 91),
(2761, 45, 31),
(2762, 45, 293),
(2763, 45, 20),
(2764, 45, 256),
(2765, 45, 357),
(2766, 45, 67),
(2767, 45, 95),
(2768, 45, 83),
(2769, 45, 185),
(2770, 45, 2),
(2771, 45, 286),
(2772, 45, 68),
(2773, 45, 92),
(2774, 45, 66),
(2775, 45, 288),
(2776, 45, 279),
(2777, 45, 38),
(2778, 45, 43),
(2779, 45, 111),
(2780, 45, 285),
(2781, 45, 16),
(2782, 45, 51),
(2783, 45, 584),
(2784, 45, 46),
(2785, 45, 75),
(2786, 45, 474),
(2787, 45, 90),
(2788, 45, 163),
(2789, 45, 50),
(2790, 45, 70),
(2791, 45, 30),
(2792, 45, 64),
(2793, 45, 36),
(2794, 46, 207),
(2795, 46, 17),
(2796, 46, 483),
(2797, 46, 234),
(2798, 46, 32),
(2799, 46, 112),
(2800, 46, 203),
(2801, 46, 65),
(2802, 46, 35),
(2803, 46, 27),
(2804, 46, 445),
(2805, 46, 460),
(2806, 46, 96),
(2807, 46, 423),
(2808, 46, 296),
(2809, 46, 432),
(2810, 46, 425),
(2811, 46, 482),
(2812, 46, 476),
(2813, 46, 41),
(2814, 46, 431),
(2815, 46, 37),
(2816, 46, 71),
(2817, 46, 34),
(2818, 46, 44),
(2819, 46, 473),
(2820, 46, 58),
(2821, 46, 459),
(2822, 46, 204),
(2823, 46, 24),
(2824, 46, 94),
(2825, 46, 104),
(2826, 46, 97),
(2827, 46, 29),
(2828, 46, 19),
(2829, 46, 475),
(2830, 46, 93),
(2831, 46, 1),
(2832, 46, 433),
(2833, 46, 31),
(2834, 46, 56),
(2835, 46, 40),
(2836, 46, 42),
(2837, 46, 256),
(2838, 46, 188),
(2839, 46, 481),
(2840, 46, 67),
(2841, 46, 426),
(2842, 46, 436),
(2843, 46, 422),
(2844, 46, 95),
(2845, 46, 435),
(2846, 46, 439),
(2847, 46, 430),
(2848, 46, 25),
(2849, 46, 2),
(2850, 46, 68),
(2851, 46, 407),
(2852, 46, 437),
(2853, 46, 66),
(2854, 46, 226),
(2855, 46, 38),
(2856, 46, 43),
(2857, 46, 477),
(2858, 46, 434),
(2859, 46, 478),
(2860, 46, 480),
(2861, 46, 479),
(2862, 46, 356),
(2863, 46, 23),
(2864, 46, 474),
(2865, 46, 458),
(2866, 46, 64),
(2867, 46, 36),
(2868, 47, 207),
(2869, 47, 17),
(2870, 47, 605),
(2871, 47, 32),
(2872, 47, 112),
(2873, 47, 65),
(2874, 47, 35),
(2875, 47, 27),
(2876, 47, 214),
(2877, 47, 589),
(2878, 47, 26),
(2879, 47, 425),
(2880, 47, 18),
(2881, 47, 586),
(2882, 47, 591),
(2883, 47, 87),
(2884, 47, 611),
(2885, 47, 476),
(2886, 47, 606),
(2887, 47, 33),
(2888, 47, 336),
(2889, 47, 564),
(2890, 47, 34),
(2891, 47, 44),
(2892, 47, 45),
(2893, 47, 58),
(2894, 47, 601),
(2895, 47, 49),
(2896, 47, 604),
(2897, 47, 592),
(2898, 47, 610),
(2899, 47, 594),
(2900, 47, 29),
(2901, 47, 599),
(2902, 47, 597),
(2903, 47, 475),
(2904, 47, 1),
(2905, 47, 31),
(2906, 47, 56),
(2907, 47, 602),
(2908, 47, 256),
(2909, 47, 596),
(2910, 47, 188),
(2911, 47, 67),
(2912, 47, 106),
(2913, 47, 609),
(2914, 47, 593),
(2915, 47, 95),
(2916, 47, 588),
(2917, 47, 209),
(2918, 47, 2),
(2919, 47, 68),
(2920, 47, 407),
(2921, 47, 92),
(2922, 47, 66),
(2923, 47, 595),
(2924, 47, 603),
(2925, 47, 228),
(2926, 47, 38),
(2927, 47, 587),
(2928, 47, 43),
(2929, 47, 598),
(2930, 47, 62),
(2931, 47, 16),
(2932, 47, 600),
(2933, 47, 607),
(2934, 47, 608),
(2935, 47, 46),
(2936, 47, 75),
(2937, 47, 590),
(2938, 47, 474),
(2939, 47, 163),
(2940, 47, 30),
(2941, 47, 64),
(2942, 47, 36),
(2943, 48, 138),
(2944, 48, 17),
(2945, 48, 316),
(2946, 48, 172),
(2947, 48, 613),
(2948, 48, 615),
(2949, 48, 112),
(2950, 48, 140),
(2951, 48, 141),
(2952, 48, 65),
(2953, 48, 35),
(2954, 48, 314),
(2955, 48, 27),
(2956, 48, 143),
(2957, 48, 48),
(2958, 48, 18),
(2959, 48, 117),
(2960, 48, 190),
(2961, 48, 619),
(2962, 48, 187),
(2963, 48, 175),
(2964, 48, 115),
(2965, 48, 616),
(2966, 48, 33),
(2967, 48, 37),
(2968, 48, 110),
(2969, 48, 623),
(2970, 48, 44),
(2971, 48, 45),
(2972, 48, 180),
(2973, 48, 58),
(2974, 48, 49),
(2975, 48, 617),
(2976, 48, 612),
(2977, 48, 173),
(2978, 48, 29),
(2979, 48, 618),
(2980, 48, 174),
(2981, 48, 47),
(2982, 48, 159),
(2983, 48, 182),
(2984, 48, 146),
(2985, 48, 188),
(2986, 48, 161),
(2987, 48, 156),
(2988, 48, 621),
(2989, 48, 95),
(2990, 48, 185),
(2991, 48, 620),
(2992, 48, 66),
(2993, 48, 92),
(2994, 48, 28),
(2995, 48, 179),
(2996, 48, 38),
(2997, 48, 43),
(2998, 48, 184),
(2999, 48, 196),
(3000, 48, 318),
(3001, 48, 614),
(3002, 48, 137),
(3003, 48, 622),
(3004, 48, 183),
(3005, 48, 624),
(3006, 48, 155),
(3007, 48, 46),
(3008, 48, 474),
(3009, 48, 157),
(3010, 48, 232),
(3011, 48, 163),
(3012, 48, 50),
(3013, 48, 189),
(3014, 48, 186),
(3015, 48, 64),
(3016, 48, 36),
(3017, 49, 17),
(3018, 49, 32),
(3019, 49, 203),
(3020, 49, 65),
(3021, 49, 35),
(3022, 49, 27),
(3023, 49, 48),
(3024, 49, 628),
(3025, 49, 26),
(3026, 49, 18),
(3027, 49, 476),
(3028, 49, 41),
(3029, 49, 629),
(3030, 49, 33),
(3031, 49, 336),
(3032, 49, 37),
(3033, 49, 564),
(3034, 49, 34),
(3035, 49, 355),
(3036, 49, 44),
(3037, 49, 45),
(3038, 49, 22),
(3039, 49, 58),
(3040, 49, 49),
(3041, 49, 204),
(3042, 49, 6),
(3043, 49, 24),
(3044, 49, 4),
(3045, 49, 29),
(3046, 49, 19),
(3047, 49, 3),
(3048, 49, 47),
(3049, 49, 475),
(3050, 49, 1),
(3051, 49, 31),
(3052, 49, 627),
(3053, 49, 20),
(3054, 49, 56),
(3055, 49, 40),
(3056, 49, 42),
(3057, 49, 21),
(3058, 49, 5),
(3059, 49, 9),
(3060, 49, 67),
(3061, 49, 8),
(3062, 49, 25),
(3063, 49, 2),
(3064, 49, 626),
(3065, 49, 66),
(3066, 49, 28),
(3067, 49, 15),
(3068, 49, 625),
(3069, 49, 38),
(3070, 49, 43),
(3071, 49, 12),
(3072, 49, 7),
(3073, 49, 39),
(3074, 49, 356),
(3075, 49, 51),
(3076, 49, 11),
(3077, 49, 13),
(3078, 49, 23),
(3079, 49, 46),
(3080, 49, 474),
(3081, 49, 10),
(3082, 49, 202),
(3083, 49, 50),
(3084, 49, 70),
(3085, 49, 30),
(3086, 49, 64),
(3087, 49, 36),
(3088, 50, 207),
(3089, 50, 17),
(3090, 50, 483),
(3091, 50, 234),
(3092, 50, 112),
(3093, 50, 203),
(3094, 50, 65),
(3095, 50, 35),
(3096, 50, 27),
(3097, 50, 445),
(3098, 50, 460),
(3099, 50, 96),
(3100, 50, 423),
(3101, 50, 296),
(3102, 50, 432),
(3103, 50, 425),
(3104, 50, 482),
(3105, 50, 429),
(3106, 50, 428),
(3107, 50, 41),
(3108, 50, 431),
(3109, 50, 564),
(3110, 50, 71),
(3111, 50, 34),
(3112, 50, 44),
(3113, 50, 473),
(3114, 50, 58),
(3115, 50, 459),
(3116, 50, 204),
(3117, 50, 24),
(3118, 50, 94),
(3119, 50, 104),
(3120, 50, 97),
(3121, 50, 427),
(3122, 50, 29),
(3123, 50, 424),
(3124, 50, 19),
(3125, 50, 475),
(3126, 50, 93),
(3127, 50, 1),
(3128, 50, 433),
(3129, 50, 31),
(3130, 50, 56),
(3131, 50, 40),
(3132, 50, 42),
(3133, 50, 188),
(3134, 50, 481),
(3135, 50, 67),
(3136, 50, 426),
(3137, 50, 436),
(3138, 50, 422),
(3139, 50, 95),
(3140, 50, 435),
(3141, 50, 439),
(3142, 50, 430),
(3143, 50, 25),
(3144, 50, 2),
(3145, 50, 68),
(3146, 50, 437),
(3147, 50, 66),
(3148, 50, 226),
(3149, 50, 38),
(3150, 50, 43),
(3151, 50, 477),
(3152, 50, 434),
(3153, 50, 103),
(3154, 50, 478),
(3155, 50, 480),
(3156, 50, 479),
(3157, 50, 356),
(3158, 50, 23),
(3159, 50, 474),
(3160, 50, 458),
(3161, 50, 64),
(3162, 50, 36),
(3163, 154, 923),
(3164, 154, 921),
(3165, 154, 922);

-- --------------------------------------------------------

--
-- Δομή πίνακα για τον πίνακα `tags`
--

CREATE TABLE `tags` (
  `id` int(11) NOT NULL,
  `name` varchar(255) DEFAULT NULL
) ENGINE=InnoDB DEFAULT CHARSET=utf8mb3 COLLATE=utf8mb3_general_ci;

--
-- Άδειασμα δεδομένων του πίνακα `tags`
--

INSERT INTO `tags` (`id`, `name`) VALUES
(1, 'святаярусь'),
(2, 'holyrussia'),
(3, 'moscovie'),
(4, 'останкинскийрайон'),
(5, 'ostankinskydistrict'),
(6, 'holyrus'),
(7, 'lifegivingtrinity'),
(8, 'firstostankinskayastreet'),
(9, '1яоста́нкинскаяулица'),
(10, 'останкинскаяулица'),
(11, 'ostankinskayastreet'),
(12, 'foundedin1558'),
(13, 'builtin1692'),
(14, '1stostankinskayastreet'),
(15, 'останкино'),
(16, 'купола'),
(17, 'russianfederation'),
(18, 'rus'),
(19, 'orthodoxy'),
(20, 'russianchurch'),
(21, 'ostankino'),
(22, 'holytrinity'),
(23, 'eglise'),
(24, 'kerk'),
(25, 'kirche'),
(26, 'рilgrimage'),
(27, 'architecture'),
(28, 'arquitetura'),
(29, 'rosja'),
(30, 'oroszország'),
(31, 'moskou'),
(32, 'rusland'),
(33, '莫斯科'),
(34, '모스크바'),
(35, 'rusija'),
(36, 'rusya'),
(37, 'ryssland'),
(38, 'rusio'),
(39, 'venemaa'),
(40, 'church'),
(41, 'iglesia'),
(42, 'chiesa'),
(43, 'moscow'),
(44, 'russia'),
(45, 'russland'),
(46, 'russie'),
(47, 'rf'),
(48, 'moskau'),
(49, 'moscu'),
(50, 'рф'),
(51, 'モスクワ'),
(52, 'trinitychurch'),
(53, 'trinity'),
(54, 'lifegiving'),
(55, 'russian'),
(56, 'рпц'),
(57, 'ru'),
(58, 'русь'),
(59, 'orthodoxcrosses'),
(60, 'holycrosses'),
(61, 'russiancupolas'),
(62, 'oniondomes'),
(63, 'onioncupolas'),
(64, 'москва'),
(65, 'россия'),
(66, 'российскаяфедерация'),
(67, 'русскоеправославие'),
(68, 'русьправославная'),
(69, 'русьсвятая'),
(70, 'русскаяцерковь'),
(71, 'святительникола'),
(72, 'якиманка'),
(73, 'yakimanka'),
(74, 'bersenevka'),
(75, 'cupolas'),
(76, 'russianarchitecture'),
(77, 'русскоезодчество'),
(78, 'verkhniyesadovniki'),
(79, 'uppergardeners'),
(80, 'nicholasofbari'),
(81, 'nicolasdemyre'),
(82, 'saintnicolas'),
(83, 'russiandomes'),
(84, 'crosses'),
(85, 'άγιοσνικόλαοσ'),
(86, 'bersenevskayaembankment'),
(87, 'goldencupolas'),
(88, '1657'),
(89, 'moscoweparchy'),
(90, 'moskwa'),
(91, 'moszkva'),
(92, 'ρωσία'),
(93, '俄罗斯'),
(94, 'moscova'),
(95, 'русија'),
(96, 'saintnikola'),
(97, 'saintnicholas'),
(98, 'садовники'),
(99, 'yakimankadistrict'),
(100, 'holymoscow'),
(101, 'greatarchitecture'),
(102, 'николайчудотво'),
(103, 'orthodoxchurch'),
(104, 'николайугодник'),
(105, 'nicholasofmyra'),
(106, 'златыекупола'),
(107, 'moscowpatriarсhate'),
(108, 'buisnesscentre'),
(109, 'невабашня'),
(110, 'mercury'),
(111, 'venäjä'),
(112, 'रूस'),
(113, 'nevatower'),
(114, 'naberezhnayatower'),
(115, 'mercurycitytower'),
(116, 'rascacielos'),
(117, 'architettura'),
(118, 'wolkenkratzer'),
(119, 'gratteciel'),
(120, 'arranhacéu'),
(121, 'набережнаяшевченко'),
(122, 'shevchenkoembankment'),
(123, 'осень'),
(124, 'autumn'),
(125, 'autumnmoscow'),
(126, 'evolutiontower'),
(127, 'evolution'),
(128, 'эволюция'),
(129, 'башняэволюция'),
(130, 'золотаяосень'),
(131, 'goldenautumn'),
(132, 'moscowautumn'),
(133, 'московскаяосень'),
(134, 'дорогомилово'),
(135, 'dorogomilovo'),
(136, 'russianautumn'),
(137, 'пресня'),
(138, 'presnya'),
(139, 'нанабережной'),
(140, 'федерация'),
(141, 'башняфедерация'),
(142, 'federation'),
(143, 'federationtower'),
(144, 'empire'),
(145, 'empiretower'),
(146, 'eurasiatower'),
(147, 'iqquartertower'),
(148, 'iqquarter'),
(149, 'dorogomilovskybridge'),
(150, 'railwaybridges'),
(151, 'okotower'),
(152, 'башняоко'),
(153, 'столица'),
(154, 'capitalcity'),
(155, 'cityofcapitals'),
(156, 'mibc'),
(157, 'ммдц'),
(158, 'towers'),
(159, 'presnenskayaembankment'),
(160, 'oko'),
(161, 'moscowcity'),
(162, 'city'),
(163, 'rusia'),
(164, 'railwaybridge'),
(165, 'районпресненский'),
(166, 'око'),
(167, 'окобашня'),
(168, 'дорогомиловскиймост'),
(169, 'eurasia'),
(170, 'башнянанабережной'),
(171, 'железнодорожныймост'),
(172, 'деловойцентр'),
(173, 'бизнесцентр'),
(174, 'modernmoscow'),
(175, 'современнаямосква'),
(176, 'башнянева'),
(177, 'presnenskydistrict'),
(178, 'башня'),
(179, 'mercurycity'),
(180, 'towermoscow'),
(181, 'towersanktpetersburg'),
(182, 'москвасити'),
(183, 'modernarchitecture'),
(184, 'arquitectura'),
(185, 'architektur'),
(186, '러시아'),
(187, 'rusko'),
(188, 'ロシア'),
(189, 'businesscentre'),
(190, 'skyscrapers'),
(191, 'столицароссии'),
(192, 'стольныйград'),
(193, 'империя'),
(194, 'москвабашня'),
(195, 'башни'),
(196, 'небоскрёбы'),
(197, 'небоскрёбымосквы'),
(198, 'imperia'),
(199, 'sanktpetersburg'),
(200, 'sanktpetersburgtower'),
(201, 'moscowtower'),
(202, 'русскийхрам'),
(203, 'православие'),
(204, 'церковь'),
(205, 'троицаживоначальная'),
(206, 'zeltdachkirche'),
(207, 'russianorthodoxy'),
(208, 'malayadmitrovka'),
(209, 'tverskoydistrict'),
(210, 'рождественскаяцерковь'),
(211, 'храмрождества'),
(212, 'holyvirgin'),
(213, 'motherofgod'),
(214, 'районтверской'),
(215, 'orthodoxcupolas'),
(216, 'cupolasofrussia'),
(217, 'куполароссии'),
(218, 'churchofnativity'),
(219, 'nativityoftheotokos'),
(220, 'nativitychurch'),
(221, 'pushkinskayasquare'),
(222, 'пушкинскаяплощадь'),
(223, '1649'),
(224, 'since1649'),
(225, 'с1649года'),
(226, 'николайчудотворец'),
(227, 'святойникола'),
(228, 'москвазлатоглавая'),
(229, 'goldengildedmoscow'),
(230, 'нанабережнойбашня'),
(231, 'architectureofmoscow'),
(232, 'moscowarchitecture'),
(233, 'dorogomilovodistrict'),
(234, 'μόσχα'),
(235, 'imperiatower'),
(236, 'moskva'),
(237, 'travel'),
(238, 'geometry'),
(239, 'grattacielo'),
(240, 'روسيا'),
(241, 'mercurytower'),
(242, 'пресненскийрайон'),
(243, 'транснефть'),
(244, 'transneft'),
(245, 'businesscenter'),
(246, 'bagrationbridge'),
(247, 'багратионмост'),
(248, 'skyscrapersofmoscow'),
(249, 'nevatowers'),
(250, 'nevatowerscomplex'),
(251, 'nevacomplex'),
(252, 'комплексбашеннева'),
(253, 'невакомплекс'),
(254, 'отражение'),
(255, 'reflection'),
(256, 'muscovy'),
(257, 'մոսկվա'),
(258, 'griechenland'),
(259, 'greece'),
(260, 'thessalien'),
(261, 'larissa'),
(262, 'larisa'),
(263, 'hellenic'),
(264, 'train'),
(265, 'trainose'),
(266, 'fs'),
(267, 'group'),
(268, 'hellassprinter'),
(269, 'siemens'),
(270, '120014'),
(271, '120'),
(272, 'ic57'),
(273, 'old'),
(274, 'livery'),
(275, 'intercity'),
(276, 'ose'),
(277, 'christianity'),
(278, 'vasilyevskydescent'),
(279, 'васильевскийспуск'),
(280, 'saintbasilscathedral'),
(281, '1561'),
(282, 'since1561'),
(283, 'vasilyтheblessed'),
(284, 'blessedvasily'),
(285, 'cathedral'),
(286, 'saintbasils'),
(287, 'pokrovsky'),
(288, 'sobor'),
(289, 'русский'),
(290, 'василий'),
(291, 'блаженный'),
(292, 'saintbasil'),
(293, 'василийблаженный'),
(294, 'soborpokrovsky'),
(295, 'матушкарусь'),
(296, 'moscowpatriarchate'),
(297, 'роусьскаѧземлѧ'),
(298, 'рүс̑скаѧземлѧ'),
(299, 'ruthenia'),
(300, 'greatrussia'),
(301, 'allrussian'),
(302, 'tsardomofrussia'),
(303, 'russiantsardom'),
(304, 'tsardom'),
(305, 'russiancathedral'),
(306, 'васильевскийсобор'),
(307, 'holygreatrussia'),
(308, 'великаярусь'),
(309, 'тверскойрайон'),
(310, 'moskvo'),
(311, 'башняимперия'),
(312, 'modernrussia'),
(313, 'геометрия'),
(314, 'евразия'),
(315, 'городстолиц'),
(316, 'grandtower'),
(317, 'большаябашня'),
(318, 'башняевразия'),
(319, 'башнягранд'),
(320, 'грандбашня'),
(321, 'кутузовский'),
(322, 'kutuzovskyavenue'),
(323, 'кутузовскийпроспект'),
(324, 'stalinisthouse'),
(325, 'сталинскийдом'),
(326, 'eyetower'),
(327, 'moscowcontrasts'),
(328, 'контрастымосквы'),
(329, 'contrastsofmoscow'),
(330, 'райондорогомилово'),
(331, 'айкьюкварталбашня'),
(332, 'pokrovskycathedral'),
(333, 'святойвасилий'),
(334, 'роусьправославнаѧ'),
(335, 'khram'),
(336, 'паломничество'),
(337, 'хамовники'),
(338, 'khamovnikidistrict'),
(339, 'christsaviour'),
(340, 'спаситель'),
(341, 'christsaviorcathedral'),
(342, 'святыни'),
(343, 'goldendomes'),
(344, 'soymonovskypassage'),
(345, 'prechistenskayaembankment'),
(346, 'khramkhrista'),
(347, 'christthesaviour'),
(348, 'october'),
(349, 'cathedralofchrist'),
(350, 'christ'),
(351, 'volkhonkastreet'),
(352, 'khamovniki'),
(353, 'волхонка'),
(354, 'улицаволхонка'),
(355, 'христианство'),
(356, 'храм'),
(357, 'собор'),
(358, 'cathedralsobor'),
(359, 'осенняямосква'),
(360, 'monastery'),
(361, 'зачатьевский'),
(362, 'рождество'),
(363, 'дева'),
(364, 'conception'),
(365, 'convent'),
(366, 'остоженка'),
(367, 'ostozhenka'),
(368, 'मास्को'),
(369, 'monastero'),
(370, 'convento'),
(371, 'женский'),
(372, 'conceptionconvent'),
(373, 'святаямосква'),
(374, 'православныйконвент'),
(375, '2ndzachatyevskylane'),
(376, 'secondzachatyevskylane'),
(377, 'zachatyevskyconvent'),
(378, 'nativity'),
(379, 'blessedvirginmary'),
(380, 'zachatyevsky'),
(381, 'ourlady'),
(382, 'новый'),
(383, 'ставропигальный'),
(384, 'stauropegialmonastery'),
(385, 'stauropegial'),
(386, 'новыйсобор'),
(387, 'newcathedral'),
(388, '1360'),
(389, 'restored1995'),
(390, 'founded1360'),
(391, 'khramchrista'),
(392, 'built1883'),
(393, 'demolished1931'),
(394, 'restored2000'),
(395, 'éparchieвemoscou'),
(396, 'christsauveur'),
(397, 'égliseorthodoxe'),
(398, 'patriarcatderussie'),
(399, 'dioceseofmoscow'),
(400, 'russobyzantin'),
(401, 'transfiguration'),
(402, 'novodevichy'),
(403, 'новодевичий'),
(404, 'luzhniki'),
(405, 'районхамовники'),
(406, 'transfigurationchurch'),
(407, 'moscovia'),
(408, 'موسكو'),
(409, 'couvent'),
(410, 'святынимосквы'),
(411, 'russianpatriarchy'),
(412, 'othodoxy'),
(413, 'sanktnikolaus'),
(414, 'sanktnikolauskirche'),
(415, 'православнаярусь'),
(416, 'русскаяосень'),
(417, 'верхниесадовники'),
(418, 'христосспаситель'),
(419, 'volkhonka'),
(420, 'соймоновскийпроезд'),
(421, 'октябрь'),
(422, 'since1775'),
(423, '1775'),
(424, 'сoreligionism'),
(425, 'russianorthodoxchurch'),
(426, 'easternorthodox'),
(427, 'belltower'),
(428, 'колокольня'),
(429, 'звонница'),
(430, 'nizhegorodskydistrict'),
(431, 'рогожскаяслобода'),
(432, 'rogozhskayasloboda'),
(433, 'rogozhskycemetery'),
(434, 'рогожскоекладбище'),
(435, 'roc'),
(436, 'николаевскаяцерковь'),
(437, 'никольскийхрам'),
(438, 'святительниколай'),
(439, 'нижегородскийрайон'),
(440, 'районнижегородский'),
(441, 'orthodox'),
(442, 'russianorthodox'),
(443, 'ямскаяслобода'),
(444, 'слобода'),
(445, 'рогожскийпосёлок'),
(446, 'belfry'),
(447, 'holycross'),
(448, 'святойкрест'),
(449, 'религия'),
(450, 'золотыекупола'),
(451, 'monasterypark'),
(452, 'conventpark'),
(453, 'российская'),
(454, 'goldenfoliage'),
(455, 'tranfigurationchurch'),
(456, 'holygate'),
(457, 'святыеврата'),
(458, 'никольскаяцерковь'),
(459, 'rogozhskyposyolok'),
(460, 'saintnicholaschurch'),
(461, 'угодник'),
(462, 'единове'),
(463, 'nicholaswonderworkers'),
(464, 'tserkov'),
(465, 'rogozhskayacemetery'),
(466, 'русское'),
(467, 'רוסלאַנד'),
(468, '旅行'),
(469, 'stnicholas'),
(470, 'nicholaswonderwokers'),
(471, 'moscowpatriarkhate'),
(472, 'русская'),
(473, 'nikola'),
(474, 'архитектура'),
(475, 'православнаѧцрковь'),
(476, 'московия'),
(477, 'московскийпатриархат'),
(478, 'петропавловскоеблагочиние'),
(479, 'русскаяправославнаяцерковь'),
(480, 'единоверческаяцерковь'),
(481, 'новообрядческийхрам'),
(482, 'новообрядческаяцерковь'),
(483, 'храмсвятителяниколая'),
(484, 'кусково'),
(485, 'kuskovo'),
(486, 'veshnyakidistrict'),
(487, 'районвешняки'),
(488, 'park'),
(489, 'парк'),
(490, 'estate'),
(491, 'усадьба'),
(492, 'усадьбакусково'),
(493, 'вешняки'),
(494, 'veshnyaki'),
(495, 'xviiiвек'),
(496, 'xviiicentury'),
(497, '18век'),
(498, '18thcentury'),
(499, 'статуя'),
(500, 'имениешереметевых'),
(501, 'godofscamander'),
(502, 'богрекискамандр'),
(503, 'петршереметев'),
(504, 'pyotrsheremetev'),
(505, 'yunostistreet'),
(506, 'улицаюности'),
(507, 'музей'),
(508, 'museum'),
(509, 'кусковскийпарк'),
(510, 'московскийпарк'),
(511, 'moscowpark'),
(512, 'kuskovoestate'),
(513, 'kuskovopark'),
(514, 'oldsculpture'),
(515, 'historicalmoscow'),
(516, 'историческаямосква'),
(517, 'art'),
(518, 'искусство'),
(519, 'скульптура'),
(520, 'sculpture'),
(521, 'xanthos'),
(522, 'ксантос'),
(523, 'σκάμανδροσ'),
(524, 'sonofoceanus'),
(525, 'sonoftethys'),
(526, 'sonofzeus'),
(527, 'greekmythology'),
(528, 'ancientgreek'),
(529, 'scamandrus'),
(530, 'skamandros'),
(531, 'xanthus'),
(532, 'karamenderesriver'),
(533, 'karamenderes'),
(534, 'godscamander'),
(535, 'scamandre'),
(536, 'xanthe'),
(537, 'escamandro'),
(538, 'sohndeszeus'),
(539, 'sergiyevposad'),
(540, 'sergievposad'),
(541, 'moscowregion'),
(542, 'moskovskayaoblast'),
(543, 'moscowoblast'),
(544, 'московскаяобласть'),
(545, 'сергиевпосад'),
(546, 'святотроицкаялавра'),
(547, 'лавра'),
(548, 'сергиевалавра'),
(549, 'сергийрадонежский'),
(550, 'saintsergius'),
(551, 'загорск'),
(552, 'монастырь'),
(553, 'sergievposadcity'),
(554, 'святыня'),
(555, 'assumptioncathedral'),
(556, 'успениепресвятойбогородицы'),
(557, 'успенскийсобор'),
(558, 'assumption'),
(559, 'успение'),
(560, 'since1585'),
(561, 'кресты'),
(562, 'подмосковье'),
(563, 'podmoskovye'),
(564, 'православнаяцерковь'),
(565, 'orthodoxychurch'),
(566, 'pravoslavnayatserkov'),
(567, 'храмъ'),
(568, '1585'),
(569, 'uspenskysobor'),
(570, 'uspenskycathedral'),
(571, 'trinitysergiuslavra'),
(572, 'troitsesergiyevalavra'),
(573, 'dormitionoftheotokos'),
(574, 'domes'),
(575, 'cathédraledelassomption'),
(576, 'lauredelasaintetrinité'),
(577, 'saintetrinité'),
(578, 'laure'),
(579, 'dormitioncathedral'),
(580, 'преподобныйсергий'),
(581, 'sansergio'),
(582, 'sergiodiradonež'),
(583, 'покровский'),
(584, 'краснаяплощадь'),
(585, 'покровскийсобор'),
(586, 'кремль'),
(587, 'kremlin'),
(588, 'московскийкремль'),
(589, 'moscowkremlin'),
(590, 'соборнаяплощадь'),
(591, 'sobornayasquare'),
(592, 'gildedoniondomes'),
(593, 'teremchurches'),
(594, 'теремныецеркви'),
(595, 'sauveurdenhaut'),
(596, 'saviorfromabovecathedral'),
(597, 'верхоспасскийсобор'),
(598, 'verkhospasskycathedral'),
(599, 'turrets'),
(600, 'goldenturrets'),
(601, 'terempalace'),
(602, 'теремнойдворец'),
(603, 'teremnoydvorets'),
(604, 'спаснерукотворный'),
(605, '1636'),
(606, 'since1636'),
(607, 'с1636года'),
(608, 'goldendomedmoscow'),
(609, 'goldenturretedmoscow'),
(610, 'teremchurch'),
(611, 'теремнаяцерковь'),
(612, 'меркурий'),
(613, 'московскаяархитектура'),
(614, 'архитектурамосквы'),
(615, 'башнямеркурийсити'),
(616, 'небоскрёб'),
(617, 'пресненскаянабережная'),
(618, 'российскаяархитектура'),
(619, 'меркурийсити'),
(620, 'federationcomplex'),
(621, 'башняграндтауэр'),
(622, 'evrasia'),
(623, 'clock'),
(624, 'часы'),
(625, 'храмтроицы'),
(626, 'троицкаяцерковь'),
(627, 'святаятроица'),
(628, 'храмвостанкине'),
(629, 'живоначальнаятроица'),
(921, 'some'),
(922, 'event'),
(923, 'date');

-- --------------------------------------------------------

--
-- Δομή πίνακα για τον πίνακα `users`
--

CREATE TABLE `users` (
  `id` int(11) NOT NULL,
  `disabled` bit(1) DEFAULT NULL,
  `email` varchar(255) DEFAULT NULL,
  `first_name` varchar(255) DEFAULT NULL,
  `is_admin` bit(1) DEFAULT NULL,
  `last_name` varchar(255) DEFAULT NULL,
  `password` varchar(255) DEFAULT NULL,
  `username` varchar(255) DEFAULT NULL
) ENGINE=InnoDB DEFAULT CHARSET=utf8mb3 COLLATE=utf8mb3_general_ci;

--
-- Άδειασμα δεδομένων του πίνακα `users`
--

INSERT INTO `users` (`id`, `disabled`, `email`, `first_name`, `is_admin`, `last_name`, `password`, `username`) VALUES
(2, b'1', 'gpapas@gr.gr', 'George', b'0', 'Papas', '$2a$10$8ViKQhiQI1UQCNgch7vebe7rH.rIhqYjx26mMV9iNZldAAPG0KKTy', 'gpapas'),
(4, b'0', 'alexloco@gmail.com', 'Alexader', b'0', 'Loco', '$2a$10$dfyEnjYM3Ltpd5GnWqpi5ufWVtAWN7K6jLOsAklVFHJF5MD8eW3ZK', 'alexaderloco');

-- --------------------------------------------------------

--
-- Δομή πίνακα για τον πίνακα `user_collections`
--

CREATE TABLE `user_collections` (
  `id` int(11) NOT NULL,
  `description` varchar(255) DEFAULT NULL,
  `is_public` bit(1) DEFAULT NULL,
  `name` varchar(255) DEFAULT NULL,
  `user_id` int(11) NOT NULL
) ENGINE=InnoDB DEFAULT CHARSET=utf8mb3 COLLATE=utf8mb3_general_ci;

-- --------------------------------------------------------

--
-- Δομή πίνακα για τον πίνακα `user_collections_images`
--

CREATE TABLE `user_collections_images` (
  `id` int(11) NOT NULL,
  `image_id` int(11) DEFAULT NULL,
  `user_collection_id` int(11) DEFAULT NULL
) ENGINE=InnoDB DEFAULT CHARSET=utf8mb3 COLLATE=utf8mb3_general_ci;

--
-- Ευρετήρια για άχρηστους πίνακες
--

--
-- Ευρετήρια για πίνακα `images`
--
ALTER TABLE `images`
  ADD PRIMARY KEY (`id`);

--
-- Ευρετήρια για πίνακα `image_tags`
--
ALTER TABLE `image_tags`
  ADD PRIMARY KEY (`id`),
  ADD KEY `FKo7du09v1p4df32log88rk6vt1` (`tag_id`),
  ADD KEY `image_id` (`image_id`) USING BTREE;

--
-- Ευρετήρια για πίνακα `tags`
--
ALTER TABLE `tags`
  ADD PRIMARY KEY (`id`);

--
-- Ευρετήρια για πίνακα `users`
--
ALTER TABLE `users`
  ADD PRIMARY KEY (`id`);

--
-- Ευρετήρια για πίνακα `user_collections`
--
ALTER TABLE `user_collections`
  ADD PRIMARY KEY (`id`),
  ADD KEY `FK1r15pldw884v3dad73fqntijf` (`user_id`);

--
-- Ευρετήρια για πίνακα `user_collections_images`
--
ALTER TABLE `user_collections_images`
  ADD PRIMARY KEY (`id`);

--
-- AUTO_INCREMENT για άχρηστους πίνακες
--

--
-- AUTO_INCREMENT για πίνακα `images`
--
ALTER TABLE `images`
  MODIFY `id` int(11) NOT NULL AUTO_INCREMENT, AUTO_INCREMENT=162;

--
-- AUTO_INCREMENT για πίνακα `image_tags`
--
ALTER TABLE `image_tags`
  MODIFY `id` int(11) NOT NULL AUTO_INCREMENT, AUTO_INCREMENT=3166;

--
-- AUTO_INCREMENT για πίνακα `tags`
--
ALTER TABLE `tags`
  MODIFY `id` int(11) NOT NULL AUTO_INCREMENT, AUTO_INCREMENT=935;

--
-- AUTO_INCREMENT για πίνακα `users`
--
ALTER TABLE `users`
  MODIFY `id` int(11) NOT NULL AUTO_INCREMENT, AUTO_INCREMENT=5;

--
-- AUTO_INCREMENT για πίνακα `user_collections`
--
ALTER TABLE `user_collections`
  MODIFY `id` int(11) NOT NULL AUTO_INCREMENT;

--
-- AUTO_INCREMENT για πίνακα `user_collections_images`
--
ALTER TABLE `user_collections_images`
  MODIFY `id` int(11) NOT NULL AUTO_INCREMENT;

--
-- Περιορισμοί για άχρηστους πίνακες
--

--
-- Περιορισμοί για πίνακα `image_tags`
--
ALTER TABLE `image_tags`
  ADD CONSTRAINT `FKlmsj6al7iyylbismmx8ba3qmu` FOREIGN KEY (`image_id`) REFERENCES `images` (`id`),
  ADD CONSTRAINT `FKo7du09v1p4df32log88rk6vt1` FOREIGN KEY (`tag_id`) REFERENCES `tags` (`id`);

--
-- Περιορισμοί για πίνακα `user_collections`
--
ALTER TABLE `user_collections`
  ADD CONSTRAINT `FK1r15pldw884v3dad73fqntijf` FOREIGN KEY (`user_id`) REFERENCES `users` (`id`);
COMMIT;

/*!40101 SET CHARACTER_SET_CLIENT=@OLD_CHARACTER_SET_CLIENT */;
/*!40101 SET CHARACTER_SET_RESULTS=@OLD_CHARACTER_SET_RESULTS */;
/*!40101 SET COLLATION_CONNECTION=@OLD_COLLATION_CONNECTION */;
